--drop tables impara, pokemon, mossa, utente;
create table tipo (nome varchar(20) primary key);
create table pokemon ( 
    id numeric primary key,
    nome varchar(20) not null,
    tipo1 varchar(12) not null,
    tipo2 varchar(12),
    ps numeric not null,
    att numeric not null,
    dif numeric not null,
    attsp numeric not null,
    difsp numeric not null,
    vel numeric not null,
    uber boolean not null,
    check (id > 0 and ps >= 0  and att >= 0 and dif >= 0 and attsp >= 0 and difsp >= 0 and vel >= 0 ),
    foreign key (tipo1) references tipo(nome),
    foreign key (tipo2) references tipo(nome),
    check (tipo2 is Null or tipo1 != tipo2));
            
create table mossa (
    id numeric primary key,
    nome varchar(20) not null,
    tipo varchar(12) not null,
    categoria varchar(10) not null,
    potenza numeric not null,
    precisione numeric not null,
    descrizione varchar(200) not null,
    check (potenza >= 0 and precisione  >= 0 and precisione <= 100),
    check (categoria in ('speciale','fisico')),
    foreign key (tipo) references tipo(nome));

create table impara ( 
    pokemon numeric , 
    mossa numeric ,
    foreign key (pokemon) references pokemon(id),
    foreign key (mossa) references mossa(id),
    primary key (pokemon,mossa));

create table utente (username varchar(50) primary key,password varchar(100));

insert into tipo values
('acciaio'), ('acqua'), ('buio'), ('coleottero'), ('drago'), 
('elettro'),('erba'), ('folletto'), ('fuoco'), ('ghiaccio'),
('lotta'), ('normale'), ('psico'), ('roccia'), ('spettro'),
('terra'), ('veleno'), ('volante');

insert into pokemon values
(1,'bulbasaur','erba','veleno',45,49,49,65,65,45,False),
(2,'ivysaur','erba','veleno',60,62,63,80,80,60,False),
(3,'venusaur','erba','veleno',80,82,83,100,100,80,False),
(4,'charmander','fuoco',Null,39,52,43,60,50,65,False),
(5,'charmeleon','fuoco',Null,58,64,58,80,65,80,False),
(6,'charizard','fuoco','volante',78,84,78,109,85,100,False),
(7,'squirtle','acqua',Null,44,48,65,50,64,43,False),
(8,'wartortle','acqua',Null,59,63,80,65,80,58,False),
(9,'blastoise','acqua',Null,79,83,100,85,105,78,False),
(10,'caterpie','coleottero',Null,45,30,35,20,20,45,False),
(11,'metapod','coleottero',Null,50,20,55,25,25,30,False),
(12,'butterfree','coleottero','volante',60,45,50,90,80,70,False),
(13,'weedle','coleottero','veleno',40,35,30,20,20,50,False),
(14,'kakuna','coleottero','veleno',45,25,50,25,25,35,False),
(15,'beedrill','coleottero','veleno',65,90,40,45,80,75,False),
(16,'pidgey','normale','volante',40,45,40,35,35,56,False),
(17,'pidgeotto','normale','volante',63,60,55,50,50,71,False),
(18,'pidgeot','normale','volante',83,80,75,70,70,101,False),
(19,'rattata','normale',Null,30,56,35,25,35,72,False),
(20,'raticate','normale',Null,55,81,60,50,70,97,False),
(21,'spearow','normale','volante',40,60,30,31,31,70,False),
(22,'fearow','normale','volante',65,90,65,61,61,100,False),
(23,'ekans','veleno',Null,35,60,44,40,54,55,False),
(24,'arbok','veleno',Null,60,95,69,65,79,80,False),
(25,'pikachu','elettro',Null,35,55,40,50,50,90,False),
(26,'raichu','elettro',Null,60,90,55,90,80,110,False),
(27,'sandshrew','terra',Null,50,75,85,20,30,40,False),
(28,'sandslash','terra',Null,75,100,110,45,55,65,False),
(29,'nidoran_f','veleno',Null,55,47,52,40,40,41,False),
(30,'nidorina','veleno',Null,70,62,67,55,55,56,False),
(31,'nidoqueen','veleno','terra',90,92,87,75,85,76,False),
(32,'nidoran_m','veleno',Null,46,57,40,40,40,50,False),
(33,'nidorino','veleno',Null,61,72,57,55,55,65,False),
(34,'nidoking','veleno','terra',81,102,77,85,75,85,False),
(35,'clefairy','folletto',Null,70,45,48,60,65,35,False),
(36,'clefable','folletto',Null,95,70,73,95,90,60,False),
(37,'vulpix','fuoco',Null,38,41,40,50,65,65,False),
(38,'ninetales','fuoco',Null,73,76,75,81,100,100,False),
(39,'jigglypuff','normale','folletto',115,45,20,45,25,20,False),
(40,'wigglytuff','normale','folletto',140,70,45,85,50,45,False),
(41,'zubat','veleno','volante',40,45,35,30,40,55,False),
(42,'golbat','veleno','volante',75,80,70,65,75,90,False),
(43,'oddish','erba','veleno',45,50,55,75,65,30,False),
(44,'gloom','erba','veleno',60,65,70,85,75,40,False),
(45,'vileplume','erba','veleno',75,80,85,110,90,50,False),
(46,'paras','coleottero','erba',35,70,55,45,55,25,False),
(47,'parasect','coleottero','erba',60,95,80,60,80,30,False),
(48,'venonat','coleottero','veleno',60,55,50,40,55,45,False),
(49,'venomoth','coleottero','veleno',70,65,60,90,75,90,False),
(50,'diglett','terra',Null,10,55,25,35,45,95,False),
(51,'dugtrio','terra',Null,35,100,50,50,70,120,False),
(52,'meowth','normale',Null,40,45,35,40,40,90,False),
(53,'persian','normale',Null,65,70,60,65,65,115,False),
(54,'psyduck','acqua',Null,50,52,48,65,50,55,False),
(55,'golduck','acqua',Null,80,82,78,95,80,85,False),
(56,'mankey','lotta',Null,40,80,35,35,45,70,False),
(57,'primeape','lotta',Null,65,105,60,60,70,95,False),
(58,'growlithe','fuoco',Null,55,70,45,70,50,60,False),
(59,'arcanine','fuoco',Null,90,110,80,100,80,95,False),
(60,'poliwag','acqua',Null,40,50,40,40,40,90,False),
(61,'poliwhirl','acqua',Null,65,65,65,50,50,90,False),
(62,'poliwrath','acqua','lotta',90,95,95,70,90,70,False),
(63,'abra','psico',Null,25,20,15,105,55,90,False),
(64,'kadabra','psico',Null,40,35,30,120,70,105,False),
(65,'alakazam','psico',Null,55,50,45,135,95,120,False),
(66,'machop','lotta',Null,70,80,50,35,35,35,False),
(67,'machoke','lotta',Null,80,100,70,50,60,45,False),
(68,'machamp','lotta',Null,90,130,80,65,85,55,False),
(69,'bellsprout','erba','veleno',50,75,35,70,30,40,False),
(70,'weepinbell','erba','veleno',65,90,50,85,45,55,False),
(71,'victreebel','erba','veleno',80,105,65,100,70,70,False),
(72,'tentacool','acqua','veleno',40,40,35,50,100,70,False),
(73,'tentacruel','acqua','veleno',80,70,65,80,120,100,False),
(74,'geodude','roccia','terra',40,80,100,30,30,20,False),
(75,'graveler','roccia','terra',55,95,115,45,45,35,False),
(76,'golem','roccia','terra',80,120,130,55,65,45,False),
(77,'ponyta','fuoco',Null,50,85,55,65,65,90,False),
(78,'rapidash','fuoco',Null,65,100,70,80,80,105,False),
(79,'slowpoke','acqua','psico',90,65,65,40,40,15,False),
(80,'slowbro','acqua','psico',95,75,110,100,80,30,False),
(81,'magnemite','elettro','acciaio',25,35,70,95,55,45,False),
(82,'magneton','elettro','acciaio',50,60,95,120,70,70,False),
(83,'farfetchd','normale','volante',52,90,55,58,62,60,False),
(84,'doduo','normale','volante',35,85,45,35,35,75,False),
(85,'dodrio','normale','volante',60,110,70,60,60,110,False),
(86,'seel','acqua',Null,65,45,55,45,70,45,False),
(87,'dewgong','acqua','ghiaccio',90,70,80,70,95,70,False),
(88,'grimer','veleno',Null,80,80,50,40,50,25,False),
(89,'muk','veleno',Null,105,105,75,65,100,50,False),
(90,'shellder','acqua',Null,30,65,100,45,25,40,False),
(91,'cloyster','acqua','ghiaccio',50,95,180,85,45,70,False),
(92,'gastly','spettro','veleno',30,35,30,100,35,80,False),
(93,'haunter','spettro','veleno',45,50,45,115,55,95,False),
(94,'gengar','spettro','veleno',60,65,60,130,75,110,False),
(95,'onix','roccia','terra',35,45,160,30,45,70,False),
(96,'drowzee','psico',Null,60,48,45,43,90,42,False),
(97,'hypno','psico',Null,85,73,70,73,115,67,False),
(98,'krabby','acqua',Null,30,105,90,25,25,50,False),
(99,'kingler','acqua',Null,55,130,115,50,50,75,False),
(100,'voltorb','elettro',Null,40,30,50,55,55,100,False),
(101,'electrode','elettro',Null,60,50,70,80,80,150,False),
(102,'exeggcute','erba','psico',60,40,80,60,45,40,False),
(103,'exeggutor','erba','psico',95,95,85,125,75,55,False),
(104,'cubone','terra',Null,50,50,95,40,50,35,False),
(105,'marowak','terra',Null,60,80,110,50,80,45,False),
(106,'hitmonlee','lotta',Null,50,120,53,35,110,87,False),
(107,'hitmonchan','lotta',Null,50,105,79,35,110,76,False),
(108,'lickitung','normale',Null,90,55,75,60,75,30,False),
(109,'koffing','veleno',Null,40,65,95,60,45,35,False),
(110,'weezing','veleno',Null,65,90,120,85,70,60,False),
(111,'rhyhorn','terra','roccia',80,85,95,30,30,25,False),
(112,'rhydon','terra','roccia',105,130,120,45,45,40,False),
(113,'chansey','normale',Null,250,5,5,35,105,50,False),
(114,'tangela','erba',Null,65,55,115,100,40,60,False),
(115,'kangaskhan','normale',Null,105,95,80,40,80,90,False),
(116,'horsea','acqua',Null,30,40,70,70,25,60,False),
(117,'seadra','acqua',Null,55,65,95,95,45,85,False),
(118,'goldeen','acqua',Null,45,67,60,35,50,63,False),
(119,'seaking','acqua',Null,80,92,65,65,80,68,False),
(120,'staryu','acqua',Null,30,45,55,70,55,85,False),
(121,'starmie','acqua','psico',60,75,85,100,85,115,False),
(122,'mr_mime','psico','folletto',40,45,65,100,120,90,False),
(123,'scyther','coleottero','volante',70,110,80,55,80,105,False),
(124,'jynx','ghiaccio','psico',65,50,35,115,95,95,False),
(125,'electabuzz','elettro',Null,65,83,57,95,85,105,False),
(126,'magmar','fuoco',Null,65,95,57,100,85,93,False),
(127,'pinsir','coleottero',Null,65,125,100,55,70,85,False),
(128,'tauros','normale',Null,75,100,95,40,70,110,False),
(129,'magikarp','acqua',Null,20,10,55,15,20,80,False),
(130,'gyarados','acqua','volante',95,125,79,60,100,81,False),
(131,'lapras','acqua','ghiaccio',130,85,80,85,95,60,False),
(132,'ditto','normale',Null,48,48,48,48,48,48,False),
(133,'eevee','normale',Null,55,55,50,45,65,55,False),
(134,'vaporeon','acqua',Null,130,65,60,110,95,65,False),
(135,'jolteon','elettro',Null,65,65,60,110,95,130,False),
(136,'flareon','fuoco',Null,65,130,60,95,110,65,False),
(137,'porygon','normale',Null,65,60,70,85,75,40,False),
(138,'omanyte','roccia','acqua',35,40,100,90,55,35,False),
(139,'omastar','roccia','acqua',70,60,125,115,70,55,False),
(140,'kabuto','roccia','acqua',30,80,90,55,45,55,False),
(141,'kabutops','roccia','acqua',60,115,105,65,70,80,False),
(142,'aerodactyl','roccia','volante',80,105,65,60,75,130,False),
(143,'snorlax','normale',Null,160,110,65,65,110,30,False),
(144,'articuno','ghiaccio','volante',90,85,100,95,125,85,True),
(145,'zapdos','elettro','volante',90,90,85,125,90,100,True),
(146,'moltres','fuoco','volante',90,100,90,125,85,90,True),
(147,'dratini','drago',Null,41,64,45,50,50,50,False),
(148,'dragonair','drago',Null,61,84,65,70,70,70,False),
(149,'dragonite','drago','volante',91,134,95,100,100,80,False),
(150,'mewtwo','psico',Null,106,110,90,154,90,130,True),
(151,'mew','psico',Null,100,100,100,100,100,100,True),
(152,'chikorita','erba',Null,45,49,65,49,65,45,False),
(153,'bayleef','erba',Null,60,62,80,63,80,60,False),
(154,'meganium','erba',Null,80,82,100,83,100,80,False),
(155,'cyndaquil','fuoco',Null,39,52,43,60,50,65,False),
(156,'quilava','fuoco',Null,58,64,58,80,65,80,False),
(157,'typhlosion','fuoco',Null,78,84,78,109,85,100,False),
(158,'totodile','acqua',Null,50,65,64,44,48,43,False),
(159,'croconaw','acqua',Null,65,80,80,59,63,58,False),
(160,'feraligatr','acqua',Null,85,105,100,79,83,78,False),
(161,'sentret','normale',Null,35,46,34,35,45,20,False),
(162,'furret','normale',Null,85,76,64,45,55,90,False),
(163,'hoothoot','normale','volante',60,30,30,36,56,50,False),
(164,'noctowl','normale','volante',100,50,50,86,96,70,False),
(165,'ledyba','coleottero','volante',40,20,30,40,80,55,False),
(166,'ledian','coleottero','volante',55,35,50,55,110,85,False),
(167,'spinarak','coleottero','veleno',40,60,40,40,40,30,False),
(168,'ariados','coleottero','veleno',70,90,70,60,70,40,False),
(169,'crobat','veleno','volante',85,90,80,70,80,130,False),
(170,'chinchou','acqua','elettro',75,38,38,56,56,67,False),
(171,'lanturn','acqua','elettro',125,58,58,76,76,67,False),
(172,'pichu','elettro',Null,20,40,15,35,35,60,False),
(173,'cleffa','folletto',Null,50,25,28,45,55,15,False),
(174,'igglybuff','normale','folletto',90,30,15,40,20,15,False),
(175,'togepi','folletto',Null,35,20,65,40,65,20,False),
(176,'togetic','folletto','volante',55,40,85,80,105,40,False),
(177,'natu','psico','volante',40,50,45,70,45,70,False),
(178,'xatu','psico','volante',65,75,70,95,70,95,False),
(179,'mareep','elettro',Null,55,40,40,65,45,35,False),
(180,'flaaffy','elettro',Null,70,55,55,80,60,45,False),
(181,'ampharos','elettro',Null,90,75,85,115,90,55,False),
(182,'bellossom','erba',Null,75,80,95,90,100,50,False),
(183,'marill','acqua','folletto',70,20,50,20,50,40,False),
(184,'azumarill','acqua','folletto',100,50,80,60,80,50,False),
(185,'sudowoodo','roccia',Null,70,100,115,30,65,30,False),
(186,'politoed','acqua',Null,90,75,75,90,100,70,False),
(187,'hoppip','erba','volante',35,35,40,35,55,50,False),
(188,'skiploom','erba','volante',55,45,50,45,65,80,False),
(189,'jumpluff','erba','volante',75,55,70,55,95,110,False),
(190,'aipom','normale',Null,55,70,55,40,55,85,False),
(191,'sunkern','erba',Null,30,30,30,30,30,30,False),
(192,'sunflora','erba',Null,75,75,55,105,85,30,False),
(193,'yanma','coleottero','volante',65,65,45,75,45,95,False),
(194,'wooper','acqua','terra',55,45,45,25,25,15,False),
(195,'quagsire','acqua','terra',95,85,85,65,65,35,False),
(196,'espeon','psico',Null,65,65,60,130,95,110,False),
(197,'umbreon','buio',Null,95,65,110,60,130,65,False),
(198,'murkrow','buio','volante',60,85,42,85,42,91,False),
(199,'slowking','acqua','psico',95,75,80,100,110,30,False),
(200,'misdreavus','spettro',Null,60,60,60,85,85,85,False),
(201,'unown','psico',Null,48,72,48,72,48,48,False),
(202,'wobbuffet','psico',Null,190,33,58,33,58,33,False),
(203,'girafarig','normale','psico',70,80,65,90,65,85,False),
(204,'pineco','coleottero',Null,50,65,90,35,35,15,False),
(205,'forretress','coleottero','acciaio',75,90,140,60,60,40,False),
(206,'dunsparce','normale',Null,100,70,70,65,65,45,False),
(207,'gligar','terra','volante',65,75,105,35,65,85,False),
(208,'steelix','acciaio','terra',75,85,200,55,65,30,False),
(209,'snubbull','folletto',Null,60,80,50,40,40,30,False),
(210,'granbull','folletto',Null,90,120,75,60,60,45,False),
(211,'qwilfish','acqua','veleno',65,95,85,55,55,85,False),
(212,'scizor','coleottero','acciaio',70,130,100,55,80,65,False),
(213,'shuckle','coleottero','roccia',20,10,230,10,230,5,False),
(214,'heracross','coleottero','lotta',80,125,75,40,95,85,False),
(215,'sneasel','buio','ghiaccio',55,95,55,35,75,115,False),
(216,'teddiursa','normale',Null,60,80,50,50,50,40,False),
(217,'ursaring','normale',Null,90,130,75,75,75,55,False),
(218,'slugma','fuoco',Null,40,40,40,70,40,20,False),
(219,'magcargo','fuoco','roccia',60,50,120,90,80,30,False),
(220,'swinub','ghiaccio','terra',50,50,40,30,30,50,False),
(221,'piloswine','ghiaccio','terra',100,100,80,60,60,50,False),
(222,'corsola','acqua','roccia',65,55,95,65,95,35,False),
(223,'remoraid','acqua',Null,35,65,35,65,35,65,False),
(224,'octillery','acqua',Null,75,105,75,105,75,45,False),
(225,'delibird','ghiaccio','volante',45,55,45,65,45,75,False),
(226,'mantine','acqua','volante',85,40,70,80,140,70,False),
(227,'skarmory','acciaio','volante',65,80,140,40,70,70,False),
(228,'houndour','buio','fuoco',45,60,30,80,50,65,False),
(229,'houndoom','buio','fuoco',75,90,50,110,80,95,False),
(230,'kingdra','acqua','drago',75,95,95,95,95,85,False),
(231,'phanpy','terra',Null,90,60,60,40,40,40,False),
(232,'donphan','terra',Null,90,120,120,60,60,50,False),
(233,'porygon2','normale',Null,85,80,90,105,95,60,False),
(234,'stantler','normale',Null,73,95,62,85,65,85,False),
(235,'smeargle','normale',Null,55,20,35,20,45,75,False),
(236,'tyrogue','lotta',Null,35,35,35,35,35,35,False),
(237,'hitmontop','lotta',Null,50,95,95,35,110,70,False),
(238,'smoochum','ghiaccio','psico',45,30,15,85,65,65,False),
(239,'elekid','elettro',Null,45,63,37,65,55,95,False),
(240,'magby','fuoco',Null,45,75,37,70,55,83,False),
(241,'miltank','normale',Null,95,80,105,40,70,100,False),
(242,'blissey','normale',Null,255,10,10,75,135,55,False),
(243,'raikou','elettro',Null,90,85,75,115,100,115,True),
(244,'entei','fuoco',Null,115,115,85,90,75,100,True),
(245,'suicune','acqua',Null,100,75,115,90,115,85,True),
(246,'larvitar','roccia','terra',50,64,50,45,50,41,False),
(247,'pupitar','roccia','terra',70,84,70,65,70,51,False),
(248,'tyranitar','roccia','buio',100,134,110,95,100,61,False),
(249,'lugia','psico','volante',106,90,130,90,154,110,True),
(250,'ho-oh','fuoco','volante',106,130,90,110,154,90,True),
(251,'celebi','psico','erba',100,100,100,100,100,100,True),
(252,'treecko','erba',Null,40,45,35,65,55,70,False),
(253,'grovyle','erba',Null,50,65,45,85,65,95,False),
(254,'sceptile','erba',Null,70,85,65,105,85,120,False),
(255,'torchic','fuoco',Null,45,60,40,70,50,45,False),
(256,'combusken','fuoco','lotta',60,85,60,85,60,55,False),
(257,'blaziken','fuoco','lotta',80,120,70,110,70,80,False),
(258,'mudkip','acqua',Null,50,70,50,50,50,40,False),
(259,'marshtomp','acqua','terra',70,85,70,60,70,50,False),
(260,'swampert','acqua','terra',100,110,90,85,90,60,False),
(261,'poochyena','buio',Null,35,55,35,30,30,35,False),
(262,'mightyena','buio',Null,70,90,70,60,60,70,False),
(263,'zigzagoon','normale',Null,38,30,41,30,41,60,False),
(264,'linoone','normale',Null,78,70,61,50,61,100,False),
(265,'wurmple','coleottero',Null,45,45,35,20,30,20,False),
(266,'silcoon','coleottero',Null,50,35,55,25,25,15,False),
(267,'beautifly','coleottero','volante',60,70,50,100,50,65,False),
(268,'cascoon','coleottero',Null,50,35,55,25,25,15,False),
(269,'dustox','coleottero','veleno',60,50,70,50,90,65,False),
(270,'lotad','acqua','erba',40,30,30,40,50,30,False),
(271,'lombre','acqua','erba',60,50,50,60,70,50,False),
(272,'ludicolo','acqua','erba',80,70,70,90,100,70,False),
(273,'seedot','erba',Null,40,40,50,30,30,30,False),
(274,'nuzleaf','erba','buio',70,70,40,60,40,60,False),
(275,'shiftry','erba','buio',90,100,60,90,60,80,False),
(276,'taillow','normale','volante',40,55,30,30,30,85,False),
(277,'swellow','normale','volante',60,85,60,75,50,125,False),
(278,'wingull','acqua','volante',40,30,30,55,30,85,False),
(279,'pelipper','acqua','volante',60,50,100,95,70,65,False),
(280,'ralts','psico','folletto',28,25,25,45,35,40,False),
(281,'kirlia','psico','folletto',38,35,35,65,55,50,False),
(282,'gardevoir','psico','folletto',68,65,65,125,115,80,False),
(283,'surskit','coleottero','acqua',40,30,32,50,52,65,False),
(284,'masquerain','coleottero','volante',70,60,62,100,82,80,False),
(285,'shroomish','erba',Null,60,40,60,40,60,35,False),
(286,'breloom','erba','lotta',60,130,80,60,60,70,False),
(287,'slakoth','normale',Null,60,60,60,35,35,30,False),
(288,'vigoroth','normale',Null,80,80,80,55,55,90,False),
(289,'slaking','normale',Null,150,160,100,95,65,100,False),
(290,'nincada','coleottero','terra',31,45,90,30,30,40,False),
(291,'ninjask','coleottero','volante',61,90,45,50,50,160,False),
(292,'shedinja','coleottero','spettro',1,90,45,30,30,40,False),
(293,'whismur','normale',Null,64,51,23,51,23,28,False),
(294,'loudred','normale',Null,84,71,43,71,43,48,False),
(295,'exploud','normale',Null,104,91,63,91,73,68,False),
(296,'makuhita','lotta',Null,72,60,30,20,30,25,False),
(297,'hariyama','lotta',Null,144,120,60,40,60,50,False),
(298,'azurill','normale','folletto',50,20,40,20,40,20,False),
(299,'nosepass','roccia',Null,30,45,135,45,90,30,False),
(300,'skitty','normale',Null,50,45,45,35,35,50,False),
(301,'delcatty','normale',Null,70,65,65,55,55,90,False),
(302,'sableye','buio','spettro',50,75,75,65,65,50,False),
(303,'mawile','acciaio','folletto',50,85,85,55,55,50,False),
(304,'aron','acciaio','roccia',50,70,100,40,40,30,False),
(305,'lairon','acciaio','roccia',60,90,140,50,50,40,False),
(306,'aggron','acciaio','roccia',70,110,180,60,60,50,False),
(307,'meditite','lotta','psico',30,40,55,40,55,60,False),
(308,'medicham','lotta','psico',60,60,75,60,75,80,False),
(309,'electrike','elettro',Null,40,45,40,65,40,65,False),
(310,'manectric','elettro',Null,70,75,60,105,60,105,False),
(311,'plusle','elettro',Null,60,50,40,85,75,95,False),
(312,'minun','elettro',Null,60,40,50,75,85,95,False),
(313,'volbeat','coleottero',Null,65,73,75,47,85,85,False),
(314,'illumise','coleottero',Null,65,47,75,73,85,85,False),
(315,'roselia','erba','veleno',50,60,45,100,80,65,False),
(316,'gulpin','veleno',Null,70,43,53,43,53,40,False),
(317,'swalot','veleno',Null,100,73,83,73,83,55,False),
(318,'carvanha','acqua','buio',45,90,20,65,20,65,False),
(319,'sharpedo','acqua','buio',70,120,40,95,40,95,False),
(320,'wailmer','acqua',Null,130,70,35,70,35,60,False),
(321,'wailord','acqua',Null,170,90,45,90,45,60,False),
(322,'numel','fuoco','terra',60,60,40,65,45,35,False),
(323,'camerupt','fuoco','terra',70,100,70,105,75,40,False),
(324,'torkoal','fuoco',Null,70,85,140,85,70,20,False),
(325,'spoink','psico',Null,60,25,35,70,80,60,False),
(326,'grumpig','psico',Null,80,45,65,90,110,80,False),
(327,'spinda','normale',Null,60,60,60,60,60,60,False),
(328,'trapinch','terra',Null,45,100,45,45,45,10,False),
(329,'vibrava','terra','drago',50,70,50,50,50,70,False),
(330,'flygon','terra','drago',80,100,80,80,80,100,False),
(331,'cacnea','erba',Null,50,85,40,85,40,35,False),
(332,'cacturne','erba','buio',70,115,60,115,60,55,False),
(333,'swablu','normale','volante',45,40,60,40,75,50,False),
(334,'altaria','drago','volante',75,70,90,70,105,80,False),
(335,'zangoose','normale',Null,73,115,60,60,60,90,False),
(336,'seviper','veleno',Null,73,100,60,100,60,65,False),
(337,'lunatone','roccia','psico',90,55,65,95,85,70,False),
(338,'solrock','roccia','psico',90,95,85,55,65,70,False),
(339,'barboach','acqua','terra',50,48,43,46,41,60,False),
(340,'whiscash','acqua','terra',110,78,73,76,71,60,False),
(341,'corphish','acqua',Null,43,80,65,50,35,35,False),
(342,'crawdaunt','acqua','buio',63,120,85,90,55,55,False),
(343,'baltoy','terra','psico',40,40,55,40,70,55,False),
(344,'claydol','terra','psico',60,70,105,70,120,75,False),
(345,'lileep','roccia','erba',66,41,77,61,87,23,False),
(346,'cradily','roccia','erba',86,81,97,81,107,43,False),
(347,'anorith','roccia','coleottero',45,95,50,40,50,75,False),
(348,'armaldo','roccia','coleottero',75,125,100,70,80,45,False),
(349,'feebas','acqua',Null,20,15,20,10,55,80,False),
(350,'milotic','acqua',Null,95,60,79,100,125,81,False),
(351,'castform','normale',Null,70,70,70,70,70,70,False),
(352,'kecleon','normale',Null,60,90,70,60,120,40,False),
(353,'shuppet','spettro',Null,44,75,35,63,33,45,False),
(354,'banette','spettro',Null,64,115,65,83,63,65,False),
(355,'duskull','spettro',Null,20,40,90,30,90,25,False),
(356,'dusclops','spettro',Null,40,70,130,60,130,25,False),
(357,'tropius','erba','volante',99,68,83,72,87,51,False),
(358,'chimecho','psico',Null,75,50,80,95,90,65,False),
(359,'absol','buio',Null,65,130,60,75,60,75,False),
(360,'wynaut','psico',Null,95,23,48,23,48,23,False),
(361,'snorunt','ghiaccio',Null,50,50,50,50,50,50,False),
(362,'glalie','ghiaccio',Null,80,80,80,80,80,80,False),
(363,'spheal','ghiaccio','acqua',70,40,50,55,50,25,False),
(364,'sealeo','ghiaccio','acqua',90,60,70,75,70,45,False),
(365,'walrein','ghiaccio','acqua',110,80,90,95,90,65,False),
(366,'clamperl','acqua',Null,35,64,85,74,55,32,False),
(367,'huntail','acqua',Null,55,104,105,94,75,52,False),
(368,'gorebyss','acqua',Null,55,84,105,114,75,52,False),
(369,'relicanth','acqua','roccia',100,90,130,45,65,55,False),
(370,'luvdisc','acqua',Null,43,30,55,40,65,97,False),
(371,'bagon','drago',Null,45,75,60,40,30,50,False),
(372,'shelgon','drago',Null,65,95,100,60,50,50,False),
(373,'salamence','drago','volante',95,135,80,110,80,100,False),
(374,'beldum','acciaio','psico',40,55,80,35,60,30,False),
(375,'metang','acciaio','psico',60,75,100,55,80,50,False),
(376,'metagross','acciaio','psico',80,135,130,95,90,70,False),
(377,'regirock','roccia',Null,80,100,200,50,100,50,True),
(378,'regice','ghiaccio',Null,80,50,100,100,200,50,True),
(379,'registeel','acciaio',Null,80,75,150,75,150,50,True),
(380,'latias','drago','psico',80,80,90,110,130,110,True),
(381,'latios','drago','psico',80,90,80,130,110,110,True),
(382,'kyogre','acqua',Null,100,100,90,150,140,90,True),
(383,'groudon','terra',Null,100,150,140,100,90,90,True),
(384,'rayquaza','drago','volante',105,150,90,150,90,95,True),
(385,'jirachi','acciaio','psico',100,100,100,100,100,100,True),
(386,'deoxys','psico',Null,50,150,50,150,50,150,False),
(387,'turtwig','erba',Null,55,68,64,45,55,31,False),
(388,'grotle','erba',Null,75,89,85,55,65,36,False),
(389,'torterra','erba','terra',95,109,105,75,85,56,False),
(390,'chimchar','fuoco',Null,44,58,44,58,44,61,False),
(391,'monferno','fuoco','lotta',64,78,52,78,52,81,False),
(392,'infernape','fuoco','lotta',76,104,71,104,71,108,False),
(393,'piplup','acqua',Null,53,51,53,61,56,40,False),
(394,'prinplup','acqua',Null,64,66,68,81,76,50,False),
(395,'empoleon','acqua','acciaio',84,86,88,111,101,60,False),
(396,'starly','normale','volante',40,55,30,30,30,60,False),
(397,'staravia','normale','volante',55,75,50,40,40,80,False),
(398,'staraptor','normale','volante',85,120,70,50,60,100,False),
(399,'bidoof','normale',Null,59,45,40,35,40,31,False),
(400,'bibarel','normale','acqua',79,85,60,55,60,71,False),
(401,'kricketot','coleottero',Null,37,25,41,25,41,25,False),
(402,'kricketune','coleottero',Null,77,85,51,55,51,65,False),
(403,'shinx','elettro',Null,45,65,34,40,34,45,False),
(404,'luxio','elettro',Null,60,85,49,60,49,60,False),
(405,'luxray','elettro',Null,80,120,79,95,79,70,False),
(406,'budew','erba','veleno',40,30,35,50,70,55,False),
(407,'roserade','erba','veleno',60,70,65,125,105,90,False),
(408,'cranidos','roccia',Null,67,125,40,30,30,58,False),
(409,'rampardos','roccia',Null,97,165,60,65,50,58,False),
(410,'shieldon','roccia','acciaio',30,42,118,42,88,30,False),
(411,'bastiodon','roccia','acciaio',60,52,168,47,138,30,False),
(412,'burmy','coleottero',Null,40,29,45,29,45,36,False),
(413,'wormadam','coleottero','erba',60,59,85,79,105,36,False),
(414,'mothim','coleottero','volante',70,94,50,94,50,66,False),
(415,'combee','coleottero','volante',30,30,42,30,42,70,False),
(416,'vespiquen','coleottero','volante',70,80,102,80,102,40,False),
(417,'pachirisu','elettro',Null,60,45,70,45,90,95,False),
(418,'buizel','acqua',Null,55,65,35,60,30,85,False),
(419,'floatzel','acqua',Null,85,105,55,85,50,115,False),
(420,'cherubi','erba',Null,45,35,45,62,53,35,False),
(421,'cherrim','erba',Null,70,60,70,87,78,85,False),
(422,'shellos','acqua',Null,76,48,48,57,62,34,False),
(423,'gastrodon','acqua','terra',111,83,68,92,82,39,False),
(424,'ambipom','normale',Null,75,100,66,60,66,115,False),
(425,'drifloon','spettro','volante',90,50,34,60,44,70,False),
(426,'drifblim','spettro','volante',150,80,44,90,54,80,False),
(427,'buneary','normale',Null,55,66,44,44,56,85,False),
(428,'lopunny','normale',Null,65,76,84,54,96,105,False),
(429,'mismagius','spettro',Null,60,60,60,105,105,105,False),
(430,'honchkrow','buio','volante',100,125,52,105,52,71,False),
(431,'glameow','normale',Null,49,55,42,42,37,85,False),
(432,'purugly','normale',Null,71,82,64,64,59,112,False),
(433,'chingling','psico',Null,45,30,50,65,50,45,False),
(434,'stunky','veleno','buio',63,63,47,41,41,74,False),
(435,'skuntank','veleno','buio',103,93,67,71,61,84,False),
(436,'bronzor','acciaio','psico',57,24,86,24,86,23,False),
(437,'bronzong','acciaio','psico',67,89,116,79,116,33,False),
(438,'bonsly','roccia',Null,50,80,95,10,45,10,False),
(439,'mime_jr','psico','folletto',20,25,45,70,90,60,False),
(440,'happiny','normale',Null,100,5,5,15,65,30,False),
(441,'chatot','normale','volante',76,65,45,92,42,91,False),
(442,'spiritomb','spettro','buio',50,92,108,92,108,35,False),
(443,'gible','drago','terra',58,70,45,40,45,42,False),
(444,'gabite','drago','terra',68,90,65,50,55,82,False),
(445,'garchomp','drago','terra',108,130,95,80,85,102,False),
(446,'munchlax','normale',Null,135,85,40,40,85,5,False),
(447,'riolu','lotta',Null,40,70,40,35,40,60,False),
(448,'lucario','lotta','acciaio',70,110,70,115,70,90,False),
(449,'hippopotas','terra',Null,68,72,78,38,42,32,False),
(450,'hippowdon','terra',Null,108,112,118,68,72,47,False),
(451,'skorupi','veleno','coleottero',40,50,90,30,55,65,False),
(452,'drapion','veleno','buio',70,90,110,60,75,95,False),
(453,'croagunk','veleno','lotta',48,61,40,61,40,50,False),
(454,'toxicroak','veleno','lotta',83,106,65,86,65,85,False),
(455,'carnivine','erba',Null,74,100,72,90,72,46,False),
(456,'finneon','acqua',Null,49,49,56,49,61,66,False),
(457,'lumineon','acqua',Null,69,69,76,69,86,91,False),
(458,'mantyke','acqua','volante',45,20,50,60,120,50,False),
(459,'snover','erba','ghiaccio',60,62,50,62,60,40,False),
(460,'abomasnow','erba','ghiaccio',90,92,75,92,85,60,False),
(461,'weavile','buio','ghiaccio',70,120,65,45,85,125,False),
(462,'magnezone','elettro','acciaio',70,70,115,130,90,60,False),
(463,'lickilicky','normale',Null,110,85,95,80,95,50,False),
(464,'rhyperior','terra','roccia',115,140,130,55,55,40,False),
(465,'tangrowth','erba',Null,100,100,125,110,50,50,False),
(466,'electivire','elettro',Null,75,123,67,95,85,95,False),
(467,'magmortar','fuoco',Null,75,95,67,125,95,83,False),
(468,'togekiss','folletto','volante',85,50,95,120,115,80,False),
(469,'yanmega','coleottero','volante',86,76,86,116,56,95,False),
(470,'leafeon','erba',Null,65,110,130,60,65,95,False),
(471,'glaceon','ghiaccio',Null,65,60,110,130,95,65,False),
(472,'gliscor','terra','volante',75,95,125,45,75,95,False),
(473,'mamoswine','ghiaccio','terra',110,130,80,70,60,80,False),
(474,'porygon-z','normale',Null,85,80,70,135,75,90,False),
(475,'gallade','psico','lotta',68,125,65,65,115,80,False),
(476,'probopass','roccia','acciaio',60,55,145,75,150,40,False),
(477,'dusknoir','spettro',Null,45,100,135,65,135,45,False),
(478,'froslass','ghiaccio','spettro',70,80,70,80,70,110,False),
(479,'rotom','elettro','spettro',50,50,77,95,77,91,False),
(480,'uxie','psico',Null,75,75,130,75,130,95,True),
(481,'mesprit','psico',Null,80,105,105,105,105,80,True),
(482,'azelf','psico',Null,75,125,70,125,70,115,True),
(483,'dialga','acciaio','drago',100,120,120,150,100,90,True),
(484,'palkia','acqua','drago',90,120,100,150,120,100,True),
(485,'heatran','fuoco','acciaio',91,90,106,130,106,77,True),
(486,'regigigas','normale',Null,110,160,110,80,110,100,True),
(487,'giratina','spettro','drago',150,100,120,100,120,90,False),
(488,'cresselia','psico',Null,120,70,120,75,130,85,True),
(489,'phione','acqua',Null,80,80,80,80,80,80,True),
(490,'manaphy','acqua',Null,100,100,100,100,100,100,True),
(491,'darkrai','buio',Null,70,90,90,135,90,125,True),
(492,'shaymin','erba',Null,100,100,100,100,100,100,False),
(493,'arceus','normale',Null,120,120,120,120,120,120,True),
(494,'victini','psico','fuoco',100,100,100,100,100,100,True),
(495,'snivy','erba',Null,45,45,55,45,55,63,False),
(496,'servine','erba',Null,60,60,75,60,75,83,False),
(497,'serperior','erba',Null,75,75,95,75,95,113,False),
(498,'tepig','fuoco',Null,65,63,45,45,45,45,False),
(499,'pignite','fuoco','lotta',90,93,55,70,55,55,False),
(500,'emboar','fuoco','lotta',110,123,65,100,65,65,False),
(501,'oshawott','acqua',Null,55,55,45,63,45,45,False),
(502,'dewott','acqua',Null,75,75,60,83,60,60,False),
(503,'samurott','acqua',Null,95,100,85,108,70,70,False),
(504,'patrat','normale',Null,45,55,39,35,39,42,False),
(505,'watchog','normale',Null,60,85,69,60,69,77,False),
(506,'lillipup','normale',Null,45,60,45,25,45,55,False),
(507,'herdier','normale',Null,65,80,65,35,65,60,False),
(508,'stoutland','normale',Null,85,110,90,45,90,80,False),
(509,'purrloin','buio',Null,41,50,37,50,37,66,False),
(510,'liepard','buio',Null,64,88,50,88,50,106,False),
(511,'pansage','erba',Null,50,53,48,53,48,64,False),
(512,'simisage','erba',Null,75,98,63,98,63,101,False),
(513,'pansear','fuoco',Null,50,53,48,53,48,64,False),
(514,'simisear','fuoco',Null,75,98,63,98,63,101,False),
(515,'panpour','acqua',Null,50,53,48,53,48,64,False),
(516,'simipour','acqua',Null,75,98,63,98,63,101,False),
(517,'munna','psico',Null,76,25,45,67,55,24,False),
(518,'musharna','psico',Null,116,55,85,107,95,29,False),
(519,'pidove','normale','volante',50,55,50,36,30,43,False),
(520,'tranquill','normale','volante',62,77,62,50,42,65,False),
(521,'unfezant','normale','volante',80,115,80,65,55,93,False),
(522,'blitzle','elettro',Null,45,60,32,50,32,76,False),
(523,'zebstrika','elettro',Null,75,100,63,80,63,116,False),
(524,'roggenrola','roccia',Null,55,75,85,25,25,15,False),
(525,'boldore','roccia',Null,70,105,105,50,40,20,False),
(526,'gigalith','roccia',Null,85,135,130,60,80,25,False),
(527,'woobat','psico','volante',65,45,43,55,43,72,False),
(528,'swoobat','psico','volante',67,57,55,77,55,114,False),
(529,'drilbur','terra',Null,60,85,40,30,45,68,False),
(530,'excadrill','terra','acciaio',110,135,60,50,65,88,False),
(531,'audino','normale',Null,103,60,86,60,86,50,False),
(532,'timburr','lotta',Null,75,80,55,25,35,35,False),
(533,'gurdurr','lotta',Null,85,105,85,40,50,40,False),
(534,'conkeldurr','lotta',Null,105,140,95,55,65,45,False),
(535,'tympole','acqua',Null,50,50,40,50,40,64,False),
(536,'palpitoad','acqua','terra',75,65,55,65,55,69,False),
(537,'seismitoad','acqua','terra',105,95,75,85,75,74,False),
(538,'throh','lotta',Null,120,100,85,30,85,45,False),
(539,'sawk','lotta',Null,75,125,75,30,75,85,False),
(540,'sewaddle','coleottero','erba',45,53,70,40,60,42,False),
(541,'swadloon','coleottero','erba',55,63,90,50,80,42,False),
(542,'leavanny','coleottero','erba',75,103,80,70,80,92,False),
(543,'venipede','coleottero','veleno',30,45,59,30,39,57,False),
(544,'whirlipede','coleottero','veleno',40,55,99,40,79,47,False),
(545,'scolipede','coleottero','veleno',60,100,89,55,69,112,False),
(546,'cottonee','erba','folletto',40,27,60,37,50,66,False),
(547,'whimsicott','erba','folletto',60,67,85,77,75,116,False),
(548,'petilil','erba',Null,45,35,50,70,50,30,False),
(549,'lilligant','erba',Null,70,60,75,110,75,90,False),
(550,'basculin','acqua',Null,70,92,65,80,55,98,False),
(551,'sandile','terra','buio',50,72,35,35,35,65,False),
(552,'krokorok','terra','buio',60,82,45,45,45,74,False),
(553,'krookodile','terra','buio',95,117,80,65,70,92,False),
(554,'darumaka','fuoco',Null,70,90,45,15,45,50,False),
(555,'darmanitan','fuoco',Null,105,140,55,30,55,95,False),
(556,'maractus','erba',Null,75,86,67,106,67,60,False),
(557,'dwebble','coleottero','roccia',50,65,85,35,35,55,False),
(558,'crustle','coleottero','roccia',70,105,125,65,75,45,False),
(559,'scraggy','buio','lotta',50,75,70,35,70,48,False),
(560,'scrafty','buio','lotta',65,90,115,45,115,58,False),
(561,'sigilyph','psico','volante',72,58,80,103,80,97,False),
(562,'yamask','spettro',Null,38,30,85,55,65,30,False),
(563,'cofagrigus','spettro',Null,58,50,145,95,105,30,False),
(564,'tirtouga','acqua','roccia',54,78,103,53,45,22,False),
(565,'carracosta','acqua','roccia',74,108,133,83,65,32,False),
(566,'archen','roccia','volante',55,112,45,74,45,70,False),
(567,'archeops','roccia','volante',75,140,65,112,65,110,False),
(568,'trubbish','veleno',Null,50,50,62,40,62,65,False),
(569,'garbodor','veleno',Null,80,95,82,60,82,75,False),
(570,'zorua','buio',Null,40,65,40,80,40,65,False),
(571,'zoroark','buio',Null,60,105,60,120,60,105,False),
(572,'minccino','normale',Null,55,50,40,40,40,75,False),
(573,'cinccino','normale',Null,75,95,60,65,60,115,False),
(574,'gothita','psico',Null,45,30,50,55,65,45,False),
(575,'gothorita','psico',Null,60,45,70,75,85,55,False),
(576,'gothitelle','psico',Null,70,55,95,95,110,65,False),
(577,'solosis','psico',Null,45,30,40,105,50,20,False),
(578,'duosion','psico',Null,65,40,50,125,60,30,False),
(579,'reuniclus','psico',Null,110,65,75,125,85,30,False),
(580,'ducklett','acqua','volante',62,44,50,44,50,55,False),
(581,'swanna','acqua','volante',75,87,63,87,63,98,False),
(582,'vanillite','ghiaccio',Null,36,50,50,65,60,44,False),
(583,'vanillish','ghiaccio',Null,51,65,65,80,75,59,False),
(584,'vanilluxe','ghiaccio',Null,71,95,85,110,95,79,False),
(585,'deerling','normale','erba',60,60,50,40,50,75,False),
(586,'sawsbuck','normale','erba',80,100,70,60,70,95,False),
(587,'emolga','elettro','volante',55,75,60,75,60,103,False),
(588,'karrablast','coleottero',Null,50,75,45,40,45,60,False),
(589,'escavalier','coleottero','acciaio',70,135,105,60,105,20,False),
(590,'foongus','erba','veleno',69,55,45,55,55,15,False),
(591,'amoonguss','erba','veleno',114,85,70,85,80,30,False),
(592,'frillish','acqua','spettro',55,40,50,65,85,40,False),
(593,'jellicent','acqua','spettro',100,60,70,85,105,60,False),
(594,'alomomola','acqua',Null,165,75,80,40,45,65,False),
(595,'joltik','coleottero','elettro',50,47,50,57,50,65,False),
(596,'galvantula','coleottero','elettro',70,77,60,97,60,108,False),
(597,'ferroseed','erba','acciaio',44,50,91,24,86,10,False),
(598,'ferrothorn','erba','acciaio',74,94,131,54,116,20,False),
(599,'klink','acciaio',Null,40,55,70,45,60,30,False),
(600,'klang','acciaio',Null,60,80,95,70,85,50,False),
(601,'klinklang','acciaio',Null,60,100,115,70,85,90,False),
(602,'tynamo','elettro',Null,35,55,40,45,40,60,False),
(603,'eelektrik','elettro',Null,65,85,70,75,70,40,False),
(604,'eelektross','elettro',Null,85,115,80,105,80,50,False),
(605,'elgyem','psico',Null,55,55,55,85,55,30,False),
(606,'beheeyem','psico',Null,75,75,75,125,95,40,False),
(607,'litwick','spettro','fuoco',50,30,55,65,55,20,False),
(608,'lampent','spettro','fuoco',60,40,60,95,60,55,False),
(609,'chandelure','spettro','fuoco',60,55,90,145,90,80,False),
(610,'axew','drago',Null,46,87,60,30,40,57,False),
(611,'fraxure','drago',Null,66,117,70,40,50,67,False),
(612,'haxorus','drago',Null,76,147,90,60,70,97,False),
(613,'cubchoo','ghiaccio',Null,55,70,40,60,40,40,False),
(614,'beartic','ghiaccio',Null,95,130,80,70,80,50,False),
(615,'cryogonal','ghiaccio',Null,80,50,50,95,135,105,False),
(616,'shelmet','coleottero',Null,50,40,85,40,65,25,False),
(617,'accelgor','coleottero',Null,80,70,40,100,60,145,False),
(618,'stunfisk','terra','elettro',109,66,84,81,99,32,False),
(619,'mienfoo','lotta',Null,45,85,50,55,50,65,False),
(620,'mienshao','lotta',Null,65,125,60,95,60,105,False),
(621,'druddigon','drago',Null,77,120,90,60,90,48,False),
(622,'golett','terra','spettro',59,74,50,35,50,35,False),
(623,'golurk','terra','spettro',89,124,80,55,80,55,False),
(624,'pawniard','buio','acciaio',45,85,70,40,40,60,False),
(625,'bisharp','buio','acciaio',65,125,100,60,70,70,False),
(626,'bouffalant','normale',Null,95,110,95,40,95,55,False),
(627,'rufflet','normale','volante',70,83,50,37,50,60,False),
(628,'braviary','normale','volante',100,123,75,57,75,80,False),
(629,'vullaby','buio','volante',70,55,75,45,65,60,False),
(630,'mandibuzz','buio','volante',110,65,105,55,95,80,False),
(631,'heatmor','fuoco',Null,85,97,66,105,66,65,False),
(632,'durant','coleottero','acciaio',58,109,112,48,48,109,False),
(633,'deino','buio','drago',52,65,50,45,50,38,False),
(634,'zweilous','buio','drago',72,85,70,65,70,58,False),
(635,'hydreigon','buio','drago',92,105,90,125,90,98,False),
(636,'larvesta','coleottero','fuoco',55,85,55,50,55,60,False),
(637,'volcarona','coleottero','fuoco',85,60,65,135,105,100,False),
(638,'cobalion','acciaio','lotta',91,90,129,90,72,108,True),
(639,'terrakion','roccia','lotta',91,129,90,72,90,108,True),
(640,'virizion','erba','lotta',91,90,72,90,129,108,True),
(641,'tornadus','volante',Null,79,115,70,125,80,111,False),
(642,'thundurus','elettro','volante',79,115,70,125,80,111,False),
(643,'reshiram','drago','fuoco',100,120,100,150,120,90,True),
(644,'zekrom','drago','elettro',100,150,120,120,100,90,True),
(645,'landorus','terra','volante',89,125,90,115,80,101,False),
(646,'kyurem','drago','ghiaccio',125,130,90,130,90,95,True),
(647,'keldeo','acqua','lotta',91,72,90,129,90,108,False),
(648,'meloetta','normale','psico',100,77,77,128,128,90,False),
(649,'genesect','coleottero','acciaio',71,120,95,120,95,99,True);
insert into mossa values
(1,'botta','normale','fisico',40,100,'Colpisce il nemico con la coda o le zampe anteriori.'),
(2,'colpokarate','lotta','fisico',50,100,'Colpisce il nemico con un colpo netto.'),
(3,'doppiasberla','normale','fisico',15,85,'Schiaffeggia il nemico ripetutamente.'),
(4,'cometapugno','normale','fisico',18,85,'Colpisce il nemico con una scarica di pugni.'),
(5,'megapugno','normale','fisico',80,85,'Colpisce il nemico con un pugno poderoso.'),
(6,'giornopaga','normale','fisico',40,100,'Colpisce il nemico con una gran quantità di monete.'),
(7,'fuocopugno','fuoco','fisico',75,100,'Colpisce il nemico con un pugno ardente.'),
(8,'gelopugno','ghiaccio','fisico',75,100,'Colpisce il nemico con un pugno di ghiaccio.'),
(9,'tuonopugno','elettro','fisico',75,100,'Colpisce il nemico con un pugno elettrico.'),
(10,'graffio','normale','fisico',40,100,'Infligge danni al nemico con artigli acuminati, duri e affilati.'),
(11,'presa','normale','fisico',55,100,'Stringe il nemico in una morsa usando enormi e possenti tenaglie.'),
(12,'ventagliente','normale','speciale',80,100,'Chi la usa genera un turbine di attacco.'),
(13,'taglio','normale','fisico',50,95,'Attacca il nemico con artigli o falci affilate.'),
(14,'raffica','volante','speciale',40,100,'Infligge danni al nemico con una folata di vento sollevata dalle ali.'),
(15,'attacco d''ala','volante','fisico',60,100,'Infligge danni al nemico spiegando delle grandi ali possenti.'),
(16,'volo','volante','fisico',90,95,'Chi la usa si alza in volo per attaccare dall''alto.'),
(17,'legatutto','normale','fisico',15,85,'Lega e stritola il nemico con tentacoli o con un corpo lungo.'),
(18,'schianto','normale','fisico',80,75,'Infligge danni al nemico con una coda, con una liana o con qualcosa di simile.'),
(19,'frustata','erba','fisico',45,100,'Infligge danni al nemico con liane sottili simili a fruste.'),
(20,'pestone','normale','fisico',65,100,'Colpisce il nemico con un grosso piede.'),
(21,'doppiocalcio','lotta','fisico',30,100,'Colpisce il nemico con un paio di rapidi calci inferti con entrambi i piedi.'),
(22,'megacalcio','normale','fisico',120,75,'Colpisce il nemico con un calcio sferrato con la forza di muscoli poderosi.'),
(23,'calciosalto','lotta','fisico',100,95,'Permette di saltare in alto per attaccare con un calcio.'),
(24,'calciorullo','lotta','fisico',60,85,'Chi la usa infierisce sul nemico con un calcio rotante.'),
(25,'bottintesta','normale','fisico',70,100,'Chi la usa si lancia diritto di testa contro il nemico.'),
(26,'incornata','normale','fisico',65,100,'Danneggia il nemico infilzandolo con un corno affilato.'),
(27,'furia','normale','fisico',15,85,'Infilza il nemico con corna affilate o un becco.'),
(28,'azione','normale','fisico',40,100,'Attacco fisico che colpisce il nemico investendolo con tutto il corpo.'),
(29,'corposcontro','normale','fisico',85,100,'Chi la usa carica il nemico con tutto il corpo.'),
(30,'avvolgibotta','normale','fisico',15,90,'Avvolge e stritola il nemico con un corpo lungo o con piante rampicanti.'),
(31,'riduttore','normale','fisico',90,85,'Carica spericolata con tutto il corpo contro il nemico.'),
(32,'colpo','normale','fisico',120,100,'Assale e attacca il nemico violentemente.'),
(33,'sdoppiatore','normale','fisico',120,100,'Carica spietata e pericolosa.'),
(34,'velenospina','veleno','fisico',15,100,'Colpisce il nemico con un aculeo tossico.'),
(35,'doppio ago','coleottero','fisico',25,100,'Colpisce il nemico con un paio di aghi.'),
(36,'missilspillo','coleottero','fisico',25,95,'Il nemico viene colpito da spilli appuntiti in rapida successione.'),
(37,'morso','buio','fisico',60,100,'Il nemico viene morso da denti affilatissimi.'),
(38,'acido','veleno','speciale',40,100,'Colpisce i nemici intorno spruzzando un acido corrosivo.'),
(39,'braciere','fuoco','speciale',40,100,'Il Pokémon attacca con piccole fiamme.'),
(40,'lanciafiamme','fuoco','speciale',90,100,'Il nemico viene colpito da intense fiammate.'),
(41,'pistolacqua','acqua','speciale',40,100,'Il nemico è colpito da un potente getto d''acqua.'),
(42,'idropompa','acqua','speciale',110,80,'Il nemico è travolto da un potente getto d''acqua spruzzato ad altissima pressione.'),
(43,'surf','acqua','speciale',90,100,'Un''onda enorme sommerge il campo di lotta.'),
(44,'geloraggio','ghiaccio','speciale',90,100,'Il nemico è colpito da un raggio di energia gelida.'),
(45,'bora','ghiaccio','speciale',110,70,'Colpisce i bersagli con una tremenda tempesta di ghiaccio.'),
(46,'psicoraggio','psico','speciale',65,100,'Il nemico è attaccato con un raggio psichico.'),
(47,'bollaraggio','acqua','speciale',65,100,'Colpisce il nemico con una forte scarica di bolle.'),
(48,'raggiaurora','ghiaccio','speciale',65,100,'Il nemico viene colpito da un fascio color arcobaleno.'),
(49,'iper raggio','normale','speciale',150,90,'Colpisce il nemico con un potente raggio.'),
(50,'beccata','volante','fisico',35,100,'Colpisce il nemico con un becco appuntito o un corno.'),
(51,'perforbecco','volante','fisico',80,100,'Attacco a spirale con un becco aguzzo che fa da trapano.'),
(52,'sottomissione','lotta','fisico',80,80,'Chi la usa carica il nemico in modo spericolato.'),
(53,'forza','normale','fisico',80,100,'Colpisce il nemico con un''enorme energia.'),
(54,'assorbimento','erba','speciale',20,100,'Mossa che assorbe l''energia vitale dall''avversario.'),
(55,'megassorbimento','erba','speciale',40,100,'Mossa che assorbe un bel po'' di energia vitale dall''avversario.'),
(56,'foglielama','erba','fisico',55,95,'Foglie taglienti sferzano i nemici intorno.'),
(57,'solarraggio','erba','speciale',120,100,'Chi la usa assorbe luce per proiettare un raggio intenso sull''avversario.'),
(58,'petalodanza','erba','speciale',120,100,'Attacca il nemico cospargendolo di petali.'),
(59,'turbofuoco','fuoco','speciale',35,85,'Intrappola il bersaglio in un turbine di fuoco.'),
(60,'tuonoshock','elettro','speciale',40,100,'Danneggia il bersaglio con una scarica elettrica.'),
(61,'fulmine','elettro','speciale',90,100,'Il bersaglio viene colpito da una potente scarica elettrica.'),
(62,'tuono','elettro','speciale',110,70,'Il nemico è colpito da un lampo molto violento.'),
(63,'sassata','roccia','fisico',50,90,'Chi la usa solleva una roccia e la lancia contro il nemico.'),
(64,'terremoto','terra','fisico',100,100,'Chi la usa provoca un potente sisma.'),
(65,'fossa','terra','fisico',80,100,'Chi la usa attacca passando sottoterra.'),
(66,'confusione','psico','speciale',50,100,'Colpisce il nemico con una leggera forza telecinetica.'),
(67,'psichico','psico','speciale',90,100,'Il nemico viene colpito da una potente forza telecinetica.'),
(68,'attacco rapido','normale','fisico',40,100,'Chi la usa colpisce ad una tale velocità da rendersi quasi invisibile.'),
(69,'ira','normale','fisico',20,100,'Questa mossa sprigiona tutta la propria ira.'),
(70,'autodistruzione','normale','fisico',200,100,'Chi la usa provoca una fragorosa esplosione.'),
(71,'uovobomba','normale','fisico',100,75,'Colpisce il nemico con un grande uovo scaraventato con enorme forza.'),
(72,'leccata','spettro','fisico',30,100,'Una lingua lunga infligge danni al nemico.'),
(73,'smog','veleno','speciale',30,70,'Colpisce il nemico con una scarica di gas maleodoranti.'),
(74,'fango','veleno','speciale',65,100,'Lancio di fango malsano che arreca danno al nemico.'),
(75,'ossoclava','terra','fisico',65,85,'Il Pokémon colpisce il nemico con un bastone d''osso.'),
(76,'fuocobomba','fuoco','speciale',110,85,'Investe il nemico con un''intensa fiammata che fa terra bruciata.'),
(77,'cascata','acqua','fisico',80,100,'Carica il nemico a grande velocità come una cascata.'),
(78,'tenaglia','acqua','fisico',35,85,'Chi la usa intrappola e stritola il nemico con la sua corazza spessa e forte.'),
(79,'comete','normale','speciale',60,100,'Colpisce i nemici con raggi a forma di stella.'),
(80,'capocciata','normale','fisico',130,100,'Chi la usa ritira la testa per attaccare.'),
(81,'sparalance','normale','fisico',20,100,'Il nemico viene colpito in rapida successione da spilli appuntiti.'),
(82,'limitazione','normale','fisico',10,100,'Colpisce il nemico con lunghi tentacoli o piante rampicanti.'),
(83,'calcinvolo','lotta','fisico',130,90,'Chi la usa colpisce il nemico con una ginocchiata in volo.'),
(84,'mangiasogni','psico','speciale',100,100,'Attacco che usa il potere degli incubi.'),
(85,'attacco pioggia','normale','fisico',15,85,'Piovono enormi sfere sulla testa del nemico.'),
(86,'sanguisuga','coleottero','fisico',80,100,'Mossa succhiasangue.'),
(87,'aeroattacco','volante','fisico',140,90,'Una potente energia volante si sprigiona dal pokemon.'),
(88,'bolla','acqua','speciale',40,100,'Uno spruzzo di bolle viene lanciato sul nemico.'),
(89,'stordipugno','normale','fisico',70,100,'Colpisce il bersaglio con una sequenza di pugni confondenti.'),
(90,'martellata','acqua','fisico',100,90,'Colpisce il nemico con una grande tenaglia.'),
(91,'esplosione','normale','fisico',250,100,'Chi la genera una potentissima esplosione.'),
(92,'sfuriate','normale','fisico',18,80,'Colpisce il nemico con artigli o falci affilate in rapida successione.'),
(93,'ossomerang','terra','fisico',50,90,'Chi la usa lancia l''osso che tiene. L''osso colpisce due volte e ritorna come un vero e proprio boomerang.'),
(94,'frana','roccia','fisico',75,90,'I nemici vengono colpiti da grandi massi.'),
(95,'iperzanna','normale','fisico',80,90,'Il Pokémon morde il nemico con zanne taglienti.'),
(96,'tripletta','normale','speciale',80,100,'Colpisce il nemico con tre sfere simultanee di energia.'),
(97,'lacerazione','normale','fisico',70,100,'Attacca il nemico con artigli, falci o altro.'),
(98,'triplocalcio','lotta','fisico',10,90,'Chi la usa esegue fino a tre calci consecutivi la cui potenza aumenta ad ogni colpo.'),
(99,'furto','buio','fisico',60,100,'Il Pokémon attacca furtivo come un ladro.'),
(100,'ruotafuoco','fuoco','fisico',60,100,'Il Pokémon si avvolge nel fuoco e carica il nemico.'),
(101,'russare','normale','speciale',50,100,'Genera del chiasso assordante russando.'),
(102,'aerocolpo','volante','speciale',100,95,'Colpisce il nemico con un vortice d''aria per danneggiarlo.'),
(103,'polneve','ghiaccio','speciale',40,100,'Attacca il nemico con una raffica di neve farinosa.'),
(104,'pugnorapido','lotta','fisico',40,100,'Chi la usa tira un pugno a velocità impressionante.'),
(105,'finta','buio','fisico',60,100,'Chi la usa si avvicina al nemico facendo finta di niente, per poi scagliare un pugno a tradimento.'),
(106,'fangobomba','veleno','speciale',90,100,'Chi la usa attacca lanciando fango sul bersaglio.'),
(107,'fangosberla','terra','speciale',20,100,'Chi la usa butta fango in faccia al nemico per arrecargli danni.'),
(108,'octazooka','acqua','speciale',65,85,'Chi la usa spruzza del''inchiostro in faccia al nemico.'),
(109,'falcecannone','elettro','speciale',120,50,'Chi la usa provoca un''esplosione elettrica che infligge danni.'),
(110,'ventogelato','ghiaccio','speciale',55,95,'Chi la usa attacca i nemici con una folata di aria gelida.'),
(111,'ossoraffica','terra','fisico',25,90,'Chi la usa colpisce il nemico con un osso duro.'),
(112,'oltraggio','drago','fisico',120,100,'Chi la usa sfoga la sua ira e attacca il nemico violentemente.'),
(113,'gigassorbimento','erba','speciale',75,100,'Mossa che assorbe tanta energia vitale dall''avversario.'),
(114,'rotolamento','roccia','fisico',30,90,'Chi la usa colpisce il nemico rotolando.'),
(115,'falsofinale','normale','fisico',40,100,'Chi la usa trattiene il colpo per non esagerare.'),
(116,'scintilla','elettro','fisico',65,100,'Colpisce il nemico con una carica elettrica.'),
(117,'tagliofuria','coleottero','fisico',40,95,'Colpisce il nemico con falci o artigli.'),
(118,'alacciaio','acciaio','fisico',70,90,'Colpisce il nemico con ali d''acciaio.'),
(119,'magifuoco','fuoco','fisico',100,95,'Colpisce il nemico con un fuoco mistico di enorme intensità.'),
(120,'dinamipugno','lotta','fisico',100,50,'Colpisce il nemico con un pugno davvero forte.'),
(121,'megacorno','coleottero','fisico',120,85,'Chi la usa utilizza il suo corno per montare con grande forza il nemico.'),
(122,'dragospiro','drago','speciale',60,100,'Investe il nemico con una raffica potentissima che arreca danni.'),
(123,'inseguimento','buio','fisico',40,100,'Una mossa d''attacco che infligge un danno in inseguimento.'),
(124,'rapigiro','normale','fisico',50,100,'Un leggiadro attacco roteante.'),
(125,'codacciaio','acciaio','fisico',100,75,'Il nemico viene colpito da una robusta coda d''acciaio.'),
(126,'ferrartigli','acciaio','fisico',50,95,'Colpisce il nemico con artigli d''acciaio.'),
(127,'vitaltiro','lotta','fisico',70,100,'Un colpo senza pari.'),
(128,'introforza','normale','speciale',60,100,'Mossa singolare e mistica.'),
(129,'incrocolpo','lotta','fisico',100,80,'Investe il nemico con un colpo sferrato con entrambe le braccia incrociate.'),
(130,'tornado','drago','speciale',40,100,'Un potente tornado si abbatte sul nemico.'),
(131,'sgranocchio','buio','fisico',80,100,'Il nemico viene morso con denti affilati.'),
(132,'extrarapido','normale','fisico',80,100,'Chi la usa carica il nemico a velocità impressionante.'),
(133,'forzantica','roccia','speciale',60,100,'Colpisce il nemico con una forza primordiale.'),
(134,'palla ombra','spettro','speciale',80,100,'Lancia sul nemico una sfera nera.'),
(135,'divinazione','psico','speciale',120,100,'Il nemico viene attaccato con energia psichica.'),
(136,'spaccaroccia','lotta','fisico',40,100,'Il nemico viene colpito da un pugno in grado di frantumare anche la roccia.'),
(137,'mulinello','acqua','speciale',35,85,'Intrappola il nemico in un turbine d''acqua.'),
(138,'bruciapelo','normale','fisico',40,100,'Mossa che prende alla sprovvista.'),
(139,'baraonda','normale','speciale',90,100,'Chi la usa attacca con un frastuono terribile.'),
(140,'ondacalda','fuoco','speciale',95,90,'Chi la usa investe i nemici con una folata di vento caldo.'),
(141,'facciata','normale','fisico',70,100,'Mossa d''attacco che rilascia la propria energia.'),
(142,'centripugno','lotta','fisico',150,100,'Chi la usa prende la mira prima di sferrare un pugno.'),
(143,'maniereforti','normale','fisico',70,100,'Infligge un danno poderoso.'),
(144,'troppoforte','lotta','fisico',120,100,'Chi la usa attacca il nemico con grande forza.'),
(145,'vendetta','lotta','fisico',60,100,'Mossa d''attacco che infligge un danno vendicativo.'),
(146,'breccia','lotta','fisico',75,100,'Colpisce il nemico con una mano capace di creare breccie.'),
(147,'privazione','buio','fisico',65,100,'Attacco che priva l''avversario della sua energia.'),
(148,'forzasegreta','normale','fisico',70,100,'Attacco che sfrutta l''energia mistica del campo di battaglia.'),
(149,'sub','acqua','fisico',80,100,'Chi la usa si tuffa in acqua per emergere e attaccare.'),
(150,'sberletese','lotta','fisico',15,100,'Raffica di ceffoni.'),
(151,'abbagliante','psico','speciale',70,100,'Chi la usa scatena un''esplosione abbagliante.'),
(152,'foschisfera','psico','speciale',70,100,'Una sfera coperta di nebbia danneggia il nemico.'),
(153,'calciardente','fuoco','fisico',85,90,'Chi la usa tira un calcio ardente.'),
(154,'palla gelo','ghiaccio','fisico',30,90,'Chi la usa attacca il nemico con sfere ghiacciate.'),
(155,'pugnospine','erba','fisico',60,100,'Chi la usa attacca colpendo il bersaglio con i suoi arti pieni di spine.'),
(156,'granvoce','normale','speciale',90,100,'Chi la usa lancia un urlo straziante che danneggia i nemici.'),
(157,'velenodenti','veleno','fisico',50,100,'Chi la usa morde il nemico con denti avvelenati.'),
(158,'tritartigli','normale','fisico',75,95,'Colpisce il nemico con artigli robusti e affilati.'),
(159,'incendio','fuoco','speciale',150,90,'Potente esplosione di fuoco che danneggia il nemico.'),
(160,'idrocannone','acqua','speciale',150,90,'Colpisce il nemico con un potente getto d''acqua.'),
(161,'meteorpugno','acciaio','fisico',90,90,'Colpisce il nemico con un pugno veloce come una meteora.'),
(162,'sgomento','spettro','fisico',30,100,'Chi la usa attacca il bersaglio emettendo un verso terrificante.'),
(163,'palla clima','normale','speciale',50,100,'Mossa d''attacco che sfrutta le mistiche energie delle condizioni atmosferiche.'),
(164,'aerasoio','volante','speciale',60,95,'Chi la usa provoca un vento tagliente che sferza i nemici.'),
(165,'vampata','fuoco','speciale',130,90,'Chi la usa sferra un potente attacco ardente.'),
(166,'rocciotomba','roccia','fisico',60,95,'Colpisce il nemico con rocce.'),
(167,'ventargenteo','coleottero','speciale',60,100,'Attacca con un forte vento di polvere di squame.'),
(168,'segnoraggio','coleottero','speciale',75,100,'Chi la usa attacca con uno strano raggio di luce.'),
(169,'pugnodombra','spettro','fisico',60,100,'Il nemico riceve un pugno proveniente dalle tenebre.'),
(170,'extrasenso','psico','speciale',80,100,'Chi la usa attacca con una misteriosa forza invisibile.'),
(171,'stramontante','lotta','fisico',85,90,'Chi la usa attacca il nemico con un montante che può arrivare fino in cielo.'),
(172,'sabbiotomba','terra','fisico',35,85,'Chi la usa intrappola il nemico in un turbine di sabbia.'),
(173,'fanghiglia','acqua','speciale',90,85,'Chi la usa attacca con un getto di fango.'),
(174,'semitraglia','erba','fisico',25,100,'Chi la usa spara raffiche di semi contro il bersaglio in successione.'),
(175,'aeroassalto','volante','fisico',60,100,'Chi la usa attacca il nemico a grande velocità.'),
(176,'gelolancia','ghiaccio','fisico',25,100,'Chi la usa spara ghiaccioli affilati contro il nemico.'),
(177,'dragartigli','drago','fisico',80,100,'Chi la usa attacca con artigli affilati che graffiano il nemico rapidamente e con grande forza.'),
(178,'radicalbero','erba','speciale',150,90,'Un groviglio di radici colpisce il nemico.'),
(179,'rimbalzo','volante','fisico',85,85,'Chi la usa balza in alto e ricade sul nemico.'),
(180,'colpodifango','terra','speciale',55,95,'Chi la usa attacca lanciando fango sul nemico.'),
(181,'velenocoda','veleno','fisico',50,100,'Chi la usa colpisce con la coda avvelenata.'),
(182,'supplica','normale','fisico',60,100,'Chi la usa attacca il bersaglio sorridendo ingannevolmente.'),
(183,'locomovolt','elettro','fisico',120,100,'Chi la usa si carica di elettricità e poi attacca.'),
(184,'fogliamagica','erba','speciale',60,100,'Chi la usa sparpaglia strane foglie che inseguono il bersaglio.'),
(185,'fendifoglia','erba','fisico',90,100,'Colpisce il nemico usando una foglia affilata come una spada.'),
(186,'cadutamassi','roccia','fisico',25,90,'Colpisce il nemico con dei massi pesanti lanciati in rapida successione.'),
(187,'ondashock','elettro','speciale',60,100,'Chi la usa colpisce il nemico con una scossa di elettricità.'),
(188,'idropulsar','acqua','speciale',60,100,'Il nemico viene colpito da un getto d''acqua potentissimo.'),
(189,'obbliderio','acciaio','speciale',140,100,'Intensa luce solare che colpisce il nemico.'),
(190,'psicoslancio','psico','speciale',140,90,'Chi la usa sferra un potente attacco psichico.'),
(191,'svegliopacca','lotta','fisico',70,100,'Una potente pacca sulla schiena.'),
(192,'martelpugno','lotta','fisico',100,90,'Chi la usa colpisce il nemico con il suo pugno forte e pesante.'),
(193,'acquadisale','acqua','speciale',65,100,'Spruzza acqua salata al nemico.'),
(194,'fintoattacco','normale','fisico',30,100,'Un attacco che colpisce alla sprovvista.'),
(195,'spennata','volante','fisico',60,100,'Chi la usa becca il bersaglio.'),
(196,'retromarcia','coleottero','fisico',70,100,'Un attacco fulmineo impossibile da contrattaccare.'),
(197,'zuffa','lotta','fisico',120,100,'Chi la usa attacca abbassando la guardia.'),
(198,'rivincita','buio','fisico',50,100,'Chi la usa accumula forza e poi attacca.'),
(199,'garanzia','buio','fisico',60,100,'Una forte pacca sul nemico.'),
(200,'ultimascelta','normale','fisico',140,100,'Un vero e proprio asso nella manica.'),
(201,'sbigoattacco','buio','fisico',70,100,'Chi la usa attacca alla sprovvista in modo violento.'),
(202,'fuococarica','fuoco','fisico',120,100,'Chi la usa si ricopre di fuoco e carica il bersaglio.'),
(203,'palmoforza','lotta','fisico',60,100,'Chi la usa attacca con un''onda d''urto il bersaglio.'),
(204,'forzasfera','lotta','speciale',80,100,'Chi la usa rilascia una forza eterea dal profondo del corpo.'),
(205,'velenpuntura','veleno','fisico',80,100,'Il nemico viene colpito con un tentacolo od un braccio intriso di veleno.'),
(206,'neropulsar','buio','speciale',80,100,'Chi la usa emana un''aura impregnata di oscuri pensieri.'),
(207,'nottesferza','buio','fisico',70,100,'Chi la usa colpisce il nemico appena si presenta l''occasione.'),
(208,'idrondata','acqua','fisico',90,90,'Chi la usa attacca agitando la coda come se fosse una violenta ondata in una tempesta furiosa.'),
(209,'semebomba','erba','fisico',80,100,'Chi la usa emette una raffica di semi dal guscio duro che colpiscono il bersaglio dall''alto.'),
(210,'eterelama','volante','speciale',75,95,'Chi la usa attacca con un vento tagliente che squarcia il cielo.'),
(211,'forbice x','coleottero','fisico',80,100,'Chi la usa colpisce il nemico usando le sue falci o artigli come se fossero un paio di forbici.'),
(212,'ronzio','coleottero','speciale',90,100,'Chi la usa muove le ali per creare un suono che danneggia il nemico.'),
(213,'dragopulsar','drago','speciale',85,100,'Chi la usa attacca un''onda d''urto generata spalancando la bocca.'),
(214,'dragofuria','drago','fisico',100,75,'Chi la usa attacca con fare minaccioso.'),
(215,'gemmoforza','roccia','speciale',80,100,'Chi la usa attacca con un raggio di luce che brilla come se fosse fatto di pietre preziose.'),
(216,'assorbipugno','lotta','fisico',75,100,'Pugno che assorbe l''energia vitale dell''avversario.'),
(217,'vuotonda','lotta','speciale',40,100,'Chi la usa rotea i pugni per lanciare un''onda di vuoto assoluto verso il nemico.'),
(218,'focalcolpo','lotta','speciale',120,70,'Chi la usa incrementa la sua concentrazione mentale per scatenare il suo potere.'),
(219,'energipalla','erba','speciale',90,100,'Chi la usa attinge energia dalla natura e la scaglia contro il bersaglio.'),
(220,'baldeali','volante','fisico',120,100,'Chi la usa ripiega le ali e carica da bassa quota.'),
(221,'geoforza','terra','speciale',90,100,'Dal terreno sotto il nemico si sprigiona una forza devastante.'),
(222,'gigaimpatto','normale','fisico',150,90,'Chi la usa carica il nemico usando tutta la sua forza.'),
(223,'pugnoscarica','acciaio','fisico',40,100,'Chi la usa attacca con una scarica di pugni veloci come proiettili.'),
(224,'slavina','ghiaccio','fisico',60,100,'Un attacco che infligge una frana nevosa sull''avversario.'),
(225,'geloscheggia','ghiaccio','fisico',40,100,'Chi la usa crea dei pezzi di ghiaccio e li lancia.'),
(226,'ombrartigli','spettro','fisico',70,100,'Chi la usa attacca con artigli d''ombra che colpiscono con gran forza.'),
(227,'fulmindenti','elettro','fisico',65,95,'Chi la usa morde con denti elettrificati.'),
(228,'gelodenti','ghiaccio','fisico',65,95,'Chi la usa morde il nemico con denti di ghiaccio.'),
(229,'rogodenti','fuoco','fisico',65,95,'Chi la usa morde il nemico con denti infuocati.'),
(230,'furtivombra','spettro','fisico',40,100,'Chi la usa estende la sua ombra e attacca il nemico alle spalle.'),
(231,'pantanobomba','terra','speciale',65,85,'Chi la usa lancia dure palle di fango sul nemico.'),
(232,'psicotaglio','psico','fisico',70,100,'Chi la usa colpisce il nemico con lame fatte di forza psichica.'),
(233,'cozzata zen','psico','fisico',80,90,'Chi la usa concentra la forza nella testa e si lancia contro il nemico.'),
(234,'cristalcolpo','acciaio','speciale',65,85,'Chi la usa colpisce il nemico lanciando fasci d''energia dal suo corpo.'),
(235,'cannonflash','acciaio','speciale',80,100,'Chi la usa attacca raccogliendo e rilasciando energia luminosa.'),
(236,'scalaroccia','normale','fisico',90,85,'Chi la usa carica con impeto incredibile.'),
(237,'dragobolide','drago','speciale',130,90,'Attacca con meteore che cadono dal cielo.'),
(238,'scarica','elettro','speciale',80,100,'Chi la usa colpisce i Pokémon che ha intorno con un bagliore elettrico.'),
(239,'lavasbuffo','fuoco','speciale',80,100,'Chi la usa lancia fiamme scarlatte sugli altri Pokémon in campo.'),
(240,'verdebufera','erba','speciale',130,90,'Si forma una tempesta di foglie affilate.'),
(241,'vigorcolpo','erba','fisico',120,85,'Chi la usa agita violentemente liane o tentacoli per sferzare il bersaglio.'),
(242,'devastomasso','roccia','fisico',150,90,'Chi la usa attacca il nemico con un enorme masso.'),
(243,'velenocroce','veleno','fisico',70,100,'Attacco con zanne avvelenate.'),
(244,'sporcolancio','veleno','fisico',120,80,'Chi la usa attacca il nemico con rifiuti sudici.'),
(245,'metaltestata','acciaio','fisico',80,100,'Chi la usa colpisce il nemico con la sua testa dura come l''acciaio.'),
(246,'bombagnete','acciaio','fisico',60,100,'Chi la usa lancia bombe d''acciaio che si attaccano al nemico.'),
(247,'pietrataglio','roccia','fisico',100,80,'Chi la usa colpisce il nemico dal basso con pietre affilate.'),
(248,'schiamazzo','volante','speciale',65,100,'Chi la usa attacca creando un''onda sonora con le parole imparate.'),
(249,'giudizio','normale','speciale',100,100,'Chi la usa rilascia numerosi colpi di luce divina.'),
(250,'coleomorso','coleottero','fisico',60,100,'Chi la usa morde il nemico con le sue fauci.'),
(251,'raggioscossa','elettro','speciale',50,90,'Chi la usa lancia un fascio di elettricità molto intensa.'),
(252,'mazzuolegno','erba','fisico',120,100,'Chi la usa si lancia con tutto il corpo contro il bersaglio.'),
(253,'acquagetto','acqua','fisico',40,100,'Chi la usa colpisce a una tale velocità da rendersi quasi invisibile.'),
(254,'comandourto','coleottero','fisico',90,100,'Chi la usa raduna i suoi sgherri per colpire il nemico.'),
(255,'zuccata','roccia','fisico',150,80,'Chi la usa attacca con tutta la potenza di cui dispone.'),
(256,'doppiosmash','normale','fisico',35,90,'Chi la usa colpisce il nemico con la coda due volte di fila.'),
(257,'fragortempo','drago','speciale',150,90,'Chi la usa colpisce il nemico con una forza capace di alterare il tempo stesso.'),
(258,'fendispazio','drago','speciale',100,95,'Chi la usa lacera il nemico e lo spazio stesso che lo circonda.'),
(259,'magmaclisma','fuoco','speciale',100,75,'Intrappola il nemico in un turbine di fuoco.'),
(260,'infuriaseme','erba','speciale',120,85,'Chi la usa genera un''onda d''urto dal suo corpo.'),
(261,'funestovento','spettro','speciale',60,100,'Chi la usa crea una raffica di vento ripugnante.'),
(262,'oscurotuffo','spettro','fisico',120,100,'Chi la usa sparisce e poi colpisce il nemico all''improvviso.'),
(263,'psicoshock','psico','speciale',80,100,'Chi la usa attacca il bersaglio facendo materializzare un misterioso raggio psichico.'),
(264,'velenoshock','veleno','speciale',65,100,'Lancia uno speciale liquido tossico sul bersaglio.'),
(265,'abbattimento','roccia','fisico',50,100,'Chi la usa lancia una pietra o un proiettile.'),
(266,'tempestretta','lotta','fisico',60,100,'Chi la usa sferra un colpo micidiale al bersaglio, stritolandolo.'),
(267,'pirolancio','fuoco','speciale',70,100,'Chi la usa emana una fiammata che colpisce il bersaglio.'),
(268,'fangonda','veleno','speciale',95,100,'Lancia un''onda di fango che attacca tutti i Pokémon nelle vicinanze.'),
(269,'sincrumore','psico','speciale',120,100,'Chi la usa infligge danni a tutti usando misteriose onde elettromagnetiche.'),
(270,'nitrocarica','fuoco','fisico',50,100,'Chi la usa si copre di fuoco e attacca il bersaglio.'),
(271,'calciobasso','lotta','fisico',65,100,'Chi la usa colpisce con un attacco fulmineo la parte inferiore del corpo del bersaglio.'),
(272,'acidobomba','veleno','speciale',40,100,'Chi la usa attacca il bersaglio con un acido altamente corrosivo.'),
(273,'ripicca','buio','fisico',95,100,'Chi la usa sfrutta la forza del bersaglio a suo vantaggio.'),
(274,'coro','normale','speciale',60,100,'Attacca il bersaglio con una melodia.'),
(275,'echeggiavoce','normale','speciale',40,100,'Attacca il bersaglio con la propria voce echeggiante.'),
(276,'insidia','normale','fisico',70,100,'Chi la usa attacca non appena il bersaglio abbassa la guardia.'),
(277,'pulifumo','veleno','speciale',50,100,'Attacca il bersaglio lanciandogli contro una nuvola di fumo speciale.'),
(278,'veicolaforza','psico','speciale',20,100,'Attacca il bersaglio con l''energia interiore.'),
(279,'idrovampata','acqua','speciale',80,100,'Chi la usa attacca il bersaglio con un getto d''acqua bollente.'),
(280,'sciagura','spettro','speciale',65,100,'Attacco che causa un''enorme sciagura.'),
(281,'cadutalibera','volante','fisico',60,100,'Porta il bersaglio in cielo per poi scagliarlo a terra.'),
(282,'ribaltiro','lotta','fisico',60,90,'Il bersaglio è scaraventato via.'),
(283,'bruciatutto','fuoco','speciale',60,100,'Attacca il nemico con una fiammata.'),
(284,'acrobazia','volante','fisico',55,100,'Attacca rapidamente il bersaglio.'),
(285,'nemesi','normale','fisico',70,100,'Attacco vendicativo.'),
(286,'marchiatura','fuoco','speciale',100,50,'Il bersaglio viene avvolto da intense fiammate.'),
(287,'acquapatto','acqua','speciale',80,100,'Attacca il nemico con una colonna d''acqua.'),
(288,'fiammapatto','fuoco','speciale',80,100,'Attacca il nemico con una colonna di fuoco.'),
(289,'erbapatto','erba','speciale',80,100,'Attacca il bersaglio con una colonna d''erba.'),
(290,'invertivolt','elettro','speciale',70,100,'Chi usa questa mossa scarica energia invertita.'),
(291,'entomoblocco','coleottero','speciale',50,100,'Colpisce i nemici opponendo resistenza.'),
(292,'battiterra','terra','fisico',60,100,'Chi la usa calpesta il terreno e scatena un terremoto che danneggia tutti i Pokémon nei paraggi.'),
(293,'alitogelido','ghiaccio','speciale',60,90,'Chi la usa attacca il bersaglio con un soffio d''aria gelida.'),
(294,'codadrago','drago','fisico',60,90,'Chi la usa fa volar via il bersaglio.'),
(295,'elettrotela','elettro','speciale',55,95,'Chi la usa attacca i nemici catturandoli con una ragnatela elettrica.'),
(296,'sprizzalampo','elettro','fisico',90,100,'Chi la usa si carica di elettricità per poi scagliarsi sul bersaglio.'),
(297,'giravvita','terra','fisico',80,95,'Chi la usa si scaglia sul bersaglio ruotando su se stesso come un trapano perforante.'),
(298,'doppiocolpo','drago','fisico',40,90,'Chi la usa attacca due volte il bersaglio con dei colpi estremamente forti.'),
(299,'cuorestampo','psico','fisico',60,100,'Chi la usa distrae il nemico con un faccino innocente per poi sferrargli un colpo devastante.'),
(300,'legnicorno','erba','fisico',75,100,'Chi la usa infilza il bersaglio con le corna legnose.'),
(301,'spadasolenne','lotta','fisico',90,100,'Chi la usa taglia il nemico con una spada magica.'),
(302,'conchilama','acqua','fisico',75,95,'Chi la usa colpisce il bersaglio con il suo guscio affilato.'),
(303,'vorticerba','erba','speciale',65,90,'Chi la usa avvolge e attacca il bersaglio con foglie affilate.'),
(304,'rulloduro','coleottero','fisico',65,100,'Chi la usa ruota su se stesso ad alta velocità e schiaccia il bersaglio.'),
(305,'urtoscuro','buio','speciale',85,95,'Chi la usa attacca il bersaglio con un''onda d''urto oscura.'),
(306,'psicobotta','psico','speciale',100,100,'Chi la usa attacca il bersaglio facendo materializzare un misterioso raggio psichico.'),
(307,'spazzasberla','normale','fisico',25,85,'Chi la usa colpisce il bersaglio con la sua coda dura.'),
(308,'tifone','volante','speciale',110,70,'Chi la usa attacca il bersaglio avvolgendolo con un vento fortissimo.'),
(309,'ricciolata','normale','fisico',120,100,'Chi la usa carica il bersaglio con la sua testa in stile afro.'),
(310,'ingracolpo','acciaio','fisico',50,85,'Chi la usa colpisce il bersaglio lanciandogli contro dei dischi d''acciaio.'),
(311,'sparafuoco','fuoco','speciale',100,100,'Chi la usa lancia fiamme scarlatte sui Pokémon intorno a sé.'),
(312,'tecnobotto','normale','speciale',120,100,'Chi la usa rilascia un colpo di luce contro il bersaglio.'),
(313,'cantoantico','normale','speciale',75,100,'Chi la usa attacca i nemici intonando un''antica melodia che colpisce il loro spirito.'),
(314,'spadamistica','lotta','speciale',85,100,'Chi la usa attacca il bersaglio tagliandolo con una spada mistica.'),
(315,'gelamondo','ghiaccio','speciale',65,95,'Chi la usa attacca i nemici con una folata d''aria gelida.'),
(316,'lucesiluro','elettro','fisico',130,85,'Colpisce il bersaglio con una possente carica elettrica.'),
(317,'fuocoblu','fuoco','speciale',130,85,'Chi la usa attacca il bersaglio avvolgendolo con magnifiche e intense fiamme blu.'),
(318,'voldifuoco','fuoco','speciale',80,100,'Chi la usa avvolge il bersaglio tra le fiamme.'),
(319,'elettrogelo','ghiaccio','fisico',140,90,'Chi la usa lancia contro il nemico una sfera di ghiaccio ricoperta di elettricità.'),
(320,'vampagelida','ghiaccio','speciale',140,90,'Chi la usa attacca il bersaglio e lo avvolge in un soffio d''aria congelata.'),
(321,'urlorabbia','buio','speciale',55,95,'Chi la usa si mette a urlare per un po''.'),
(322,'scagliagelo','ghiaccio','fisico',85,90,'Chi la usa attacca violentemente il nemico con grosse stalattiti di ghiaccio.'),
(323,'generatore v','fuoco','fisico',180,95,'Chi la usa carica emettendo fiamme ardenti dalla fronte.'),
(324,'incrofiamma','fuoco','speciale',100,100,'Chi la usa lancia una fiammata enorme.'),
(325,'incrotuono','elettro','fisico',100,100,'Chi la usa lancia un fulmine enorme.'),
(326,'schiacciatuffo','lotta','fisico',100,95,'Chi la usa si tuffa sul bersaglio dall''alto.'),
(327,'rutto','veleno','speciale',120,90,'Chi la usa attacca il bersaglio con un rutto potente.'),
(328,'pungiglione','coleottero','fisico',50,100,'Un attacco poderoso causato da un pungiglione.'),
(329,'spettrotuffo','spettro','fisico',90,100,'Chi la usa scompare improvvisamente per attaccare all''improvviso.'),
(330,'caricaparabola','elettro','speciale',65,100,'Chi la usa attacca tutto ciò che lo circonda con elettricità.'),
(331,'fiortempesta','erba','fisico',90,100,'Infligge danni ai Pokémon che ha intorno attaccandoli con una tempesta di fiori.'),
(332,'liofilizzazione','ghiaccio','speciale',70,100,'Chi la usa raffredda rapidamente il bersaglio.'),
(333,'incantavoce','folletto','speciale',40,100,'Chi la usa infligge un danno spirituale ai nemici nei paraggi con una voce suadente.'),
(334,'assorbibacio','folletto','speciale',50,100,'Un bacio fatato che assorbe le energie mistiche al nemico.'),
(335,'carineria','folletto','fisico',90,90,'Chi la usa attacca il bersaglio con delle carinerie.'),
(336,'vento di fata','folletto','speciale',40,100,'Attacca con un forte vento fatato.'),
(337,'forza lunare','folletto','speciale',95,100,'Accumula la forza proveniente dalla luna e la libera sul nemico.'),
(338,'ondaboato','normale','speciale',140,100,'Colpisce i Pokémon che ha intorno con la forza di un boato distruttivo.'),
(339,'acqualame','acqua','speciale',15,100,'Colpisce il bersaglio con uno shuriken di muco.'),
(340,'magifiamma','fuoco','speciale',75,100,'Colpisce il bersaglio soffiandogli contro delle fiammate incredibilmente roventi.'),
(341,'magibrillio','folletto','speciale',80,100,'Emette una luce potentissima che infligge danni al bersaglio.'),
(342,'elettrococcola','elettro','fisico',20,100,'Nonostante il tenero nome è una mossa piuttosto pericolosa.'),
(343,'riguardo','normale','fisico',40,100,'Chi la usa attacca il bersaglio, modulando il colpo in modo delicato.'),
(344,'assillo','coleottero','speciale',20,100,'Chi la usa lancia un attacco che tormenta il bersaglio.'),
(345,'crescipugno','lotta','fisico',40,100,'Colpisce con pugni via via più forti.'),
(346,'primopulsar','acqua','speciale',110,85,'Attacca i nemici intorno colpendoli con miriadi di raggi di luce blu.'),
(347,'spade telluriche','terra','fisico',120,85,'Attacca i nemici intorno trasformando la potenza della terra in lame affilate.'),
(348,'ascesa del drago','volante','fisico',120,100,'Permette di proiettarsi in aria e fiondarsi sul bersaglio attaccando ad altissima velocità.');
insert into impara values
(90,28),
(90,176),
(90,78),
(90,225),
(90,302),
(90,48),
(90,137),
(90,193),
(90,44),
(90,42),
(90,128),
(90,45),
(90,141),
(90,274),
(90,91),
(90,198),
(90,148),
(90,43),
(90,149),
(90,186),
(90,31),
(90,35),
(90,110),
(90,101),
(90,188),
(382,133),
(382,188),
(382,208),
(382,29),
(382,44),
(382,346),
(382,173),
(382,42),
(382,33),
(382,128),
(382,45),
(382,49),
(382,61),
(382,62),
(382,64),
(382,146),
(382,166),
(382,141),
(382,274),
(382,279),
(382,222),
(382,292),
(382,94),
(382,136),
(382,148),
(382,43),
(382,53),
(382,77),
(382,149),
(382,110),
(382,245),
(382,187),
(382,168),
(382,101),
(382,139),
(181,109),
(181,213),
(181,7),
(181,28),
(181,60),
(181,31),
(181,9),
(181,215),
(181,238),
(181,168),
(181,62),
(181,128),
(181,49),
(181,61),
(181,146),
(181,141),
(181,274),
(181,275),
(181,218),
(181,251),
(181,222),
(181,290),
(181,292),
(181,296),
(181,136),
(181,148),
(181,345),
(181,53),
(181,29),
(181,125),
(181,295),
(181,142),
(181,112),
(181,187),
(181,101),
(168,328),
(168,250),
(168,34),
(168,82),
(168,86),
(168,230),
(168,92),
(168,201),
(168,36),
(168,67),
(168,205),
(168,243),
(168,264),
(168,128),
(168,49),
(168,57),
(168,65),
(168,106),
(168,141),
(168,99),
(168,274),
(168,222),
(168,291),
(168,211),
(168,344),
(168,148),
(168,295),
(168,121),
(168,207),
(168,46),
(168,123),
(168,168),
(168,35),
(168,179),
(168,273),
(168,113),
(168,101),
(350,30),
(350,41),
(350,333),
(350,130),
(350,188),
(350,208),
(350,42),
(350,128),
(350,44),
(350,45),
(350,49),
(350,141),
(350,274),
(350,279),
(350,222),
(350,292),
(350,294),
(350,148),
(350,43),
(350,77),
(350,149),
(350,193),
(350,122),
(350,213),
(350,125),
(350,17),
(350,110),
(350,245),
(350,101),
(350,28),
(178,50),
(178,278),
(178,261),
(178,210),
(178,67),
(178,135),
(178,263),
(178,128),
(178,49),
(178,57),
(178,134),
(178,175),
(178,141),
(178,99),
(178,274),
(178,118),
(178,222),
(178,84),
(178,196),
(178,148),
(178,341),
(178,16),
(178,51),
(178,105),
(178,68),
(178,201),
(178,269),
(178,233),
(178,273),
(178,113),
(178,140),
(178,168),
(178,87),
(178,101),
(196,28),
(196,66),
(196,68),
(196,79),
(196,46),
(196,135),
(196,67),
(196,200),
(196,263),
(196,128),
(196,49),
(196,65),
(196,134),
(196,141),
(196,274),
(196,275),
(196,285),
(196,222),
(196,84),
(196,148),
(196,341),
(196,13),
(196,182),
(196,278),
(196,269),
(196,156),
(196,125),
(196,168),
(196,101),
(196,233),
(196,37),
(196,33),
(213,82),
(213,114),
(213,30),
(213,291),
(213,63),
(213,94),
(213,250),
(213,247),
(213,264),
(213,128),
(213,265),
(213,64),
(213,65),
(213,268),
(213,106),
(213,166),
(213,141),
(213,274),
(213,292),
(213,344),
(213,136),
(213,148),
(213,53),
(213,38),
(213,147),
(213,107),
(213,186),
(213,172),
(213,17),
(213,221),
(213,101),
(254,240),
(254,207),
(254,1),
(254,54),
(254,68),
(254,55),
(254,117),
(254,123),
(254,185),
(254,18),
(254,298),
(254,211),
(254,115),
(254,177),
(254,128),
(254,49),
(254,57),
(254,64),
(254,65),
(254,146),
(254,166),
(254,175),
(254,141),
(254,271),
(254,274),
(254,218),
(254,219),
(254,284),
(254,222),
(254,292),
(254,94),
(254,136),
(254,148),
(254,345),
(254,13),
(254,53),
(254,174),
(254,131),
(254,158),
(254,21),
(254,122),
(254,184),
(254,12),
(254,213),
(254,216),
(254,142),
(254,178),
(254,113),
(254,289),
(254,125),
(254,112),
(254,209),
(254,101),
(254,9),
(230,213),
(230,42),
(230,41),
(230,88),
(230,130),
(230,47),
(230,193),
(230,128),
(230,44),
(230,45),
(230,49),
(230,141),
(230,274),
(230,279),
(230,222),
(230,235),
(230,148),
(230,43),
(230,77),
(230,149),
(230,48),
(230,277),
(230,122),
(230,173),
(230,108),
(230,112),
(230,12),
(230,168),
(230,188),
(230,179),
(230,237),
(230,110),
(230,245),
(230,101),
(152,28),
(152,56),
(152,184),
(152,29),
(152,57),
(152,128),
(152,141),
(152,274),
(152,275),
(152,219),
(152,148),
(152,13),
(152,133),
(152,240),
(152,19),
(152,113),
(152,289),
(152,125),
(152,209),
(152,101),
(141,207),
(141,194),
(141,10),
(141,54),
(141,180),
(141,253),
(141,55),
(141,97),
(141,133),
(141,128),
(141,44),
(141,45),
(141,49),
(141,265),
(141,65),
(141,146),
(141,166),
(141,175),
(141,141),
(141,99),
(141,274),
(141,279),
(141,222),
(141,247),
(141,94),
(141,211),
(141,136),
(141,148),
(141,13),
(141,43),
(141,77),
(141,149),
(141,48),
(141,47),
(141,113),
(141,110),
(141,147),
(141,124),
(141,31),
(141,208),
(141,221),
(141,101),
(141,144),
(141,188),
(568,1),
(568,272),
(568,3),
(568,74),
(568,31),
(568,106),
(568,277),
(568,327),
(568,244),
(568,91),
(568,264),
(568,128),
(568,268),
(568,141),
(568,99),
(568,274),
(568,198),
(568,344),
(568,148),
(568,206),
(568,186),
(568,114),
(568,70),
(568,216),
(568,113),
(568,209),
(568,101),
(354,329),
(354,147),
(354,230),
(354,105),
(354,280),
(354,134),
(354,201),
(354,128),
(354,49),
(354,61),
(354,62),
(354,67),
(354,141),
(354,99),
(354,274),
(354,251),
(354,226),
(354,198),
(354,222),
(354,344),
(354,84),
(354,148),
(354,206),
(354,341),
(354,162),
(354,244),
(354,261),
(354,123),
(354,273),
(354,110),
(354,187),
(354,101),
(13,34),
(13,250),
(13,295),
(13,114),
(13,25),
(13,291),
(13,211),
(13,344),
(49,212),
(49,167),
(49,28),
(49,66),
(49,86),
(49,46),
(49,14),
(49,168),
(49,233),
(49,157),
(49,67),
(49,264),
(49,128),
(49,49),
(49,57),
(49,106),
(49,175),
(49,141),
(49,99),
(49,274),
(49,219),
(49,284),
(49,222),
(49,291),
(49,344),
(49,196),
(49,148),
(49,250),
(49,113),
(49,101),
(483,122),
(483,126),
(483,133),
(483,97),
(483,215),
(483,177),
(483,221),
(483,204),
(483,125),
(483,257),
(483,235),
(483,128),
(483,44),
(483,45),
(483,49),
(483,61),
(483,62),
(483,64),
(483,146),
(483,40),
(483,76),
(483,166),
(483,175),
(483,141),
(483,274),
(483,275),
(483,165),
(483,283),
(483,226),
(483,222),
(483,247),
(483,292),
(483,94),
(483,294),
(483,136),
(483,148),
(483,13),
(483,53),
(483,237),
(483,213),
(483,156),
(483,245),
(483,112),
(483,187),
(483,101),
(138,82),
(138,37),
(138,41),
(138,114),
(138,180),
(138,193),
(138,133),
(138,186),
(138,42),
(138,128),
(138,44),
(138,45),
(138,265),
(138,166),
(138,141),
(138,99),
(138,274),
(138,279),
(138,94),
(138,136),
(138,148),
(138,43),
(138,77),
(138,149),
(138,48),
(138,47),
(138,147),
(138,173),
(138,18),
(138,188),
(138,137),
(138,17),
(138,221),
(138,110),
(138,101),
(252,1),
(252,54),
(252,68),
(252,55),
(252,123),
(252,113),
(252,18),
(252,219),
(252,128),
(252,57),
(252,65),
(252,146),
(252,166),
(252,175),
(252,141),
(252,274),
(252,284),
(252,94),
(252,136),
(252,148),
(252,345),
(252,13),
(252,53),
(252,174),
(252,131),
(252,158),
(252,21),
(252,122),
(252,240),
(252,184),
(252,12),
(252,216),
(252,142),
(252,289),
(252,125),
(252,209),
(252,101),
(252,9),
(499,28),
(499,39),
(499,270),
(499,150),
(499,73),
(499,114),
(499,31),
(499,199),
(499,40),
(499,255),
(499,202),
(499,128),
(499,57),
(499,146),
(499,76),
(499,166),
(499,141),
(499,271),
(499,274),
(499,275),
(499,165),
(499,218),
(499,283),
(499,247),
(499,292),
(499,94),
(499,205),
(499,296),
(499,136),
(499,148),
(499,345),
(499,53),
(499,29),
(499,182),
(499,201),
(499,144),
(499,32),
(499,288),
(499,7),
(499,142),
(499,140),
(499,125),
(499,101),
(499,9),
(499,233),
(39,1),
(39,333),
(39,3),
(39,114),
(39,274),
(39,191),
(39,29),
(39,156),
(39,33),
(39,128),
(39,44),
(39,45),
(39,57),
(39,61),
(39,62),
(39,65),
(39,67),
(39,134),
(39,146),
(39,40),
(39,76),
(39,141),
(39,275),
(39,251),
(39,283),
(39,285),
(39,84),
(39,296),
(39,148),
(39,345),
(39,341),
(39,53),
(39,182),
(39,105),
(39,200),
(39,179),
(39,216),
(39,7),
(39,142),
(39,8),
(39,110),
(39,147),
(39,187),
(39,101),
(39,9),
(39,188),
(448,132),
(448,213),
(448,197),
(448,204),
(448,68),
(448,126),
(448,194),
(448,345),
(448,111),
(448,128),
(448,49),
(448,64),
(448,65),
(448,67),
(448,134),
(448,146),
(448,166),
(448,141),
(448,271),
(448,274),
(448,218),
(448,226),
(448,198),
(448,285),
(448,222),
(448,247),
(448,292),
(448,94),
(448,205),
(448,235),
(448,136),
(448,148),
(448,206),
(448,53),
(448,37),
(448,153),
(448,223),
(448,282),
(448,129),
(448,131),
(448,83),
(448,171),
(448,217),
(448,216),
(448,298),
(448,142),
(448,8),
(448,125),
(448,101),
(448,9),
(448,188),
(448,233),
(448,203),
(184,28),
(184,88),
(184,41),
(184,114),
(184,47),
(184,208),
(184,335),
(184,33),
(184,144),
(184,42),
(184,128),
(184,44),
(184,45),
(184,49),
(184,65),
(184,146),
(184,141),
(184,274),
(184,218),
(184,279),
(184,222),
(184,292),
(184,136),
(184,148),
(184,345),
(184,43),
(184,53),
(184,77),
(184,149),
(184,253),
(184,29),
(184,135),
(184,173),
(184,18),
(184,179),
(184,182),
(184,142),
(184,156),
(184,8),
(184,110),
(184,125),
(184,147),
(184,101),
(184,188),
(637,318),
(637,308),
(637,140),
(637,202),
(637,32),
(637,212),
(637,100),
(637,39),
(637,86),
(637,14),
(637,59),
(637,167),
(637,128),
(637,49),
(637,57),
(637,67),
(637,40),
(637,76),
(637,175),
(637,141),
(637,270),
(637,274),
(637,165),
(637,283),
(637,284),
(637,222),
(637,291),
(637,205),
(637,196),
(637,296),
(637,148),
(637,16),
(637,233),
(637,250),
(637,113),
(637,168),
(637,101),
(637,31),
(637,33),
(151,1),
(151,5),
(151,67),
(151,133),
(151,204),
(151,177),
(151,263),
(151,264),
(151,128),
(151,44),
(151,45),
(151,49),
(151,57),
(151,265),
(151,61),
(151,62),
(151,64),
(151,65),
(151,134),
(151,146),
(151,268),
(151,40),
(151,106),
(151,76),
(151,166),
(151,175),
(151,141),
(151,270),
(151,99),
(151,271),
(151,274),
(151,275),
(151,165),
(151,118),
(151,218),
(151,219),
(151,115),
(151,279),
(151,251),
(151,281),
(151,283),
(151,284),
(151,91),
(151,226),
(151,198),
(151,285),
(151,222),
(151,247),
(151,290),
(151,291),
(151,292),
(151,293),
(151,94),
(151,211),
(151,294),
(151,344),
(151,205),
(151,84),
(151,196),
(151,235),
(151,296),
(151,136),
(151,148),
(151,321),
(151,206),
(151,345),
(151,341),
(151,13),
(151,16),
(151,43),
(151,53),
(151,77),
(151,149),
(151,208),
(151,17),
(151,179),
(151,250),
(151,182),
(151,213),
(151,216),
(151,297),
(151,298),
(151,221),
(151,295),
(151,7),
(151,142),
(151,273),
(151,113),
(151,244),
(151,140),
(151,156),
(151,8),
(151,110),
(151,245),
(151,125),
(151,147),
(151,200),
(151,112),
(151,209),
(151,187),
(151,168),
(151,87),
(151,101),
(151,144),
(151,9),
(151,139),
(151,188),
(151,233),
(353,147),
(353,230),
(353,105),
(353,280),
(353,134),
(353,201),
(353,329),
(353,128),
(353,61),
(353,62),
(353,67),
(353,141),
(353,99),
(353,274),
(353,251),
(353,198),
(353,344),
(353,84),
(353,148),
(353,206),
(353,341),
(353,162),
(353,244),
(353,261),
(353,123),
(353,273),
(353,110),
(353,187),
(353,101),
(535,88),
(535,274),
(535,47),
(535,180),
(535,139),
(535,173),
(535,275),
(535,42),
(535,156),
(535,128),
(535,268),
(535,106),
(535,141),
(535,279),
(535,344),
(535,148),
(535,43),
(535,221),
(535,231),
(535,101),
(535,188),
(535,179),
(535,110),
(332,145),
(332,34),
(332,54),
(332,155),
(332,105),
(332,198),
(332,201),
(332,36),
(332,219),
(332,264),
(332,128),
(332,49),
(332,57),
(332,146),
(332,141),
(332,274),
(332,218),
(332,285),
(332,222),
(332,205),
(332,148),
(332,206),
(332,345),
(332,13),
(332,53),
(332,38),
(332,327),
(332,120),
(332,328),
(332,184),
(332,209),
(332,143),
(332,216),
(332,142),
(332,273),
(332,113),
(332,101),
(332,144),
(332,9),
(340,107),
(340,41),
(340,231),
(340,188),
(340,101),
(340,208),
(340,233),
(340,64),
(340,173),
(340,135),
(340,128),
(340,44),
(340,45),
(340,49),
(340,166),
(340,141),
(340,274),
(340,279),
(340,222),
(340,247),
(340,292),
(340,94),
(340,136),
(340,148),
(340,43),
(340,53),
(340,77),
(340,149),
(340,221),
(340,42),
(340,180),
(340,116),
(340,31),
(340,32),
(340,137),
(340,179),
(340,110),
(67,2),
(67,271),
(67,145),
(67,147),
(67,127),
(67,191),
(67,298),
(67,52),
(67,129),
(67,120),
(67,128),
(67,265),
(67,64),
(67,65),
(67,146),
(67,40),
(67,76),
(67,166),
(67,141),
(67,99),
(67,274),
(67,218),
(67,283),
(67,198),
(67,285),
(67,292),
(67,94),
(67,205),
(67,136),
(67,148),
(67,345),
(67,53),
(67,223),
(67,197),
(67,7),
(67,8),
(67,24),
(67,143),
(67,9),
(67,142),
(67,101),
(67,144),
(133,28),
(133,79),
(133,68),
(133,37),
(133,182),
(133,31),
(133,33),
(133,200),
(133,128),
(133,65),
(133,134),
(133,141),
(133,274),
(133,275),
(133,285),
(133,148),
(133,278),
(133,269),
(133,156),
(133,125),
(133,101),
(364,103),
(364,41),
(364,114),
(364,154),
(364,193),
(364,48),
(364,29),
(364,101),
(364,45),
(364,128),
(364,44),
(364,64),
(364,166),
(364,141),
(364,274),
(364,275),
(364,292),
(364,293),
(364,94),
(364,136),
(364,148),
(364,43),
(364,53),
(364,77),
(364,149),
(364,168),
(364,188),
(364,208),
(364,110),
(364,125),
(563,162),
(563,280),
(563,261),
(563,134),
(563,128),
(563,49),
(563,67),
(563,141),
(563,99),
(563,274),
(563,219),
(563,198),
(563,222),
(563,344),
(563,84),
(563,148),
(563,206),
(563,147),
(563,187),
(563,101),
(563,233),
(628,32),
(628,220),
(628,144),
(628,50),
(628,27),
(628,175),
(628,97),
(628,210),
(628,158),
(628,281),
(628,128),
(628,49),
(628,166),
(628,141),
(628,274),
(628,118),
(628,226),
(628,285),
(628,222),
(628,94),
(628,196),
(628,136),
(628,148),
(628,13),
(628,16),
(628,53),
(628,140),
(628,87),
(628,101),
(628,233),
(409,25),
(409,123),
(409,31),
(409,199),
(409,276),
(409,133),
(409,233),
(409,255),
(409,128),
(409,44),
(409,45),
(409,49),
(409,265),
(409,61),
(409,62),
(409,64),
(409,65),
(409,146),
(409,40),
(409,76),
(409,166),
(409,141),
(409,99),
(409,274),
(409,218),
(409,283),
(409,198),
(409,222),
(409,247),
(409,292),
(409,94),
(409,294),
(409,136),
(409,148),
(409,345),
(409,13),
(409,43),
(409,53),
(409,131),
(409,33),
(409,192),
(409,245),
(409,125),
(409,18),
(409,20),
(409,32),
(409,213),
(409,221),
(409,7),
(409,142),
(409,112),
(409,187),
(409,101),
(409,144),
(409,9),
(409,139),
(338,63),
(338,28),
(338,66),
(338,59),
(338,94),
(338,67),
(338,247),
(338,57),
(338,91),
(338,263),
(338,128),
(338,49),
(338,265),
(338,64),
(338,134),
(338,40),
(338,76),
(338,166),
(338,141),
(338,274),
(338,165),
(338,251),
(338,283),
(338,284),
(338,222),
(338,292),
(338,84),
(338,148),
(338,221),
(338,140),
(338,245),
(338,168),
(338,101),
(338,233),
(378,192),
(378,109),
(378,91),
(378,20),
(378,110),
(378,251),
(378,292),
(378,133),
(378,44),
(378,144),
(378,49),
(378,128),
(378,45),
(378,61),
(378,62),
(378,64),
(378,146),
(378,166),
(378,141),
(378,274),
(378,218),
(378,222),
(378,293),
(378,94),
(378,235),
(378,136),
(378,148),
(378,345),
(378,53),
(378,142),
(378,8),
(378,245),
(378,187),
(378,168),
(378,101),
(378,9),
(24,228),
(24,227),
(24,229),
(24,30),
(24,34),
(24,37),
(24,38),
(24,131),
(24,272),
(24,231),
(24,327),
(24,244),
(24,264),
(24,128),
(24,49),
(24,64),
(24,65),
(24,268),
(24,106),
(24,166),
(24,141),
(24,99),
(24,274),
(24,198),
(24,222),
(24,292),
(24,94),
(24,294),
(24,344),
(24,205),
(24,148),
(24,206),
(24,53),
(24,125),
(24,157),
(24,181),
(24,123),
(24,18),
(24,201),
(24,208),
(24,17),
(24,113),
(24,209),
(24,101),
(87,25),
(87,168),
(87,110),
(87,225),
(87,48),
(87,253),
(87,193),
(87,31),
(87,149),
(87,208),
(87,44),
(87,128),
(87,45),
(87,49),
(87,141),
(87,99),
(87,274),
(87,275),
(87,222),
(87,293),
(87,148),
(87,43),
(87,77),
(87,327),
(87,138),
(87,176),
(87,125),
(87,72),
(87,18),
(87,188),
(87,297),
(87,101),
(74,28),
(74,114),
(74,63),
(74,265),
(74,292),
(74,70),
(74,186),
(74,64),
(74,91),
(74,33),
(74,247),
(74,128),
(74,65),
(74,146),
(74,40),
(74,76),
(74,166),
(74,141),
(74,274),
(74,283),
(74,222),
(74,94),
(74,136),
(74,148),
(74,345),
(74,53),
(74,142),
(74,192),
(74,5),
(74,236),
(74,221),
(74,7),
(74,101),
(74,144),
(74,9),
(9,235),
(9,28),
(9,41),
(9,88),
(9,37),
(9,124),
(9,188),
(9,208),
(9,80),
(9,42),
(9,128),
(9,44),
(9,45),
(9,49),
(9,265),
(9,64),
(9,65),
(9,146),
(9,166),
(9,141),
(9,274),
(9,218),
(9,279),
(9,222),
(9,292),
(9,94),
(9,294),
(9,136),
(9,148),
(9,206),
(9,345),
(9,43),
(9,53),
(9,77),
(9,149),
(9,253),
(9,204),
(9,193),
(9,213),
(9,138),
(9,173),
(9,142),
(9,160),
(9,8),
(9,110),
(9,125),
(9,112),
(9,168),
(9,101),
(9,287),
(9,233),
(434,10),
(434,92),
(434,194),
(434,97),
(434,272),
(434,207),
(434,327),
(434,91),
(434,264),
(434,128),
(434,65),
(434,134),
(434,40),
(434,106),
(434,76),
(434,141),
(434,99),
(434,274),
(434,283),
(434,226),
(434,198),
(434,136),
(434,148),
(434,321),
(434,206),
(434,13),
(434,162),
(434,131),
(434,33),
(434,267),
(434,273),
(434,125),
(434,335),
(434,123),
(434,73),
(434,101),
(206,69),
(206,114),
(206,123),
(206,133),
(206,31),
(206,65),
(206,33),
(206,297),
(206,128),
(206,44),
(206,45),
(206,57),
(206,61),
(206,62),
(206,64),
(206,134),
(206,40),
(206,76),
(206,166),
(206,141),
(206,99),
(206,274),
(206,251),
(206,283),
(206,285),
(206,292),
(206,94),
(206,205),
(206,84),
(206,296),
(206,136),
(206,148),
(206,53),
(206,162),
(206,37),
(206,25),
(206,280),
(206,101),
(206,208),
(206,17),
(206,125),
(206,200),
(206,187),
(206,188),
(206,233),
(498,28),
(498,39),
(498,270),
(498,73),
(498,114),
(498,31),
(498,199),
(498,40),
(498,255),
(498,202),
(498,128),
(498,57),
(498,76),
(498,166),
(498,141),
(498,274),
(498,275),
(498,165),
(498,283),
(498,296),
(498,136),
(498,148),
(498,53),
(498,29),
(498,182),
(498,201),
(498,144),
(498,32),
(498,288),
(498,140),
(498,125),
(498,101),
(498,233),
(480,66),
(480,79),
(480,135),
(480,170),
(480,263),
(480,128),
(480,49),
(480,57),
(480,61),
(480,62),
(480,67),
(480,134),
(480,141),
(480,274),
(480,219),
(480,251),
(480,284),
(480,222),
(480,84),
(480,196),
(480,148),
(480,345),
(480,341),
(187,28),
(187,336),
(187,174),
(187,55),
(187,284),
(187,196),
(187,113),
(187,179),
(187,128),
(187,57),
(187,175),
(187,141),
(187,274),
(187,219),
(187,344),
(187,148),
(187,341),
(187,66),
(187,33),
(187,209),
(187,101),
(348,158),
(348,10),
(348,41),
(348,117),
(348,265),
(348,126),
(348,133),
(348,97),
(348,193),
(348,211),
(348,186),
(348,128),
(348,49),
(348,64),
(348,65),
(348,146),
(348,166),
(348,175),
(348,141),
(348,274),
(348,115),
(348,222),
(348,247),
(348,291),
(348,292),
(348,94),
(348,235),
(348,136),
(348,148),
(348,13),
(348,53),
(348,253),
(348,243),
(348,147),
(348,124),
(348,188),
(348,208),
(348,250),
(348,221),
(348,125),
(348,101),
(348,144),
(272,162),
(272,55),
(272,128),
(272,44),
(272,45),
(272,49),
(272,57),
(272,146),
(272,141),
(272,99),
(272,274),
(272,275),
(272,218),
(272,219),
(272,279),
(272,222),
(272,136),
(272,148),
(272,345),
(272,43),
(272,53),
(272,77),
(272,149),
(272,113),
(272,56),
(272,41),
(272,216),
(272,7),
(272,142),
(272,156),
(272,8),
(272,110),
(272,147),
(272,209),
(272,101),
(272,9),
(272,139),
(272,188),
(272,233),
(272,54),
(272,47),
(272,138),
(272,92),
(272,42),
(35,333),
(35,1),
(35,3),
(35,191),
(35,278),
(35,29),
(35,337),
(35,161),
(35,263),
(35,128),
(35,44),
(35,45),
(35,57),
(35,61),
(35,62),
(35,65),
(35,67),
(35,134),
(35,146),
(35,40),
(35,76),
(35,141),
(35,274),
(35,275),
(35,251),
(35,283),
(35,285),
(35,84),
(35,136),
(35,148),
(35,345),
(35,341),
(35,53),
(35,182),
(35,179),
(35,216),
(35,7),
(35,142),
(35,156),
(35,8),
(35,110),
(35,125),
(35,147),
(35,200),
(35,187),
(35,168),
(35,101),
(35,9),
(35,188),
(35,233),
(35,184),
(507,28),
(507,37),
(507,31),
(507,131),
(507,285),
(507,200),
(507,222),
(507,335),
(507,128),
(507,61),
(507,65),
(507,134),
(507,166),
(507,175),
(507,141),
(507,274),
(507,198),
(507,296),
(507,136),
(507,148),
(507,321),
(507,43),
(507,53),
(507,229),
(507,228),
(507,72),
(507,107),
(507,123),
(507,227),
(507,182),
(507,156),
(507,187),
(507,101),
(507,139),
(597,28),
(597,114),
(597,126),
(597,36),
(597,234),
(597,70),
(597,245),
(597,198),
(597,235),
(597,91),
(597,128),
(597,57),
(597,61),
(597,141),
(597,274),
(597,219),
(597,205),
(597,136),
(597,148),
(597,272),
(597,174),
(597,236),
(597,209),
(597,113),
(597,147),
(597,101),
(121,42),
(121,41),
(121,124),
(121,79),
(121,263),
(121,128),
(121,44),
(121,45),
(121,49),
(121,61),
(121,62),
(121,67),
(121,141),
(121,274),
(121,279),
(121,84),
(121,235),
(121,148),
(121,341),
(121,43),
(121,77),
(121,149),
(121,110),
(121,168),
(121,101),
(121,188),
(121,28),
(121,47),
(121,193),
(121,215),
(16,28),
(16,14),
(16,68),
(16,130),
(16,210),
(16,308),
(16,128),
(16,175),
(16,141),
(16,99),
(16,274),
(16,118),
(16,196),
(16,148),
(16,16),
(16,164),
(16,220),
(16,105),
(16,123),
(16,139),
(16,140),
(16,87),
(16,101),
(302,233),
(302,10),
(302,162),
(302,92),
(302,230),
(302,105),
(302,138),
(302,147),
(302,226),
(302,215),
(302,134),
(302,273),
(302,128),
(302,67),
(302,146),
(302,166),
(302,175),
(302,141),
(302,99),
(302,271),
(302,274),
(302,198),
(302,205),
(302,84),
(302,136),
(302,148),
(302,321),
(302,206),
(302,345),
(302,341),
(302,13),
(302,194),
(302,201),
(302,7),
(302,142),
(302,8),
(302,110),
(302,187),
(302,168),
(302,101),
(302,9),
(302,188),
(405,28),
(405,116),
(405,37),
(405,227),
(405,131),
(405,238),
(405,296),
(405,128),
(405,49),
(405,61),
(405,62),
(405,141),
(405,99),
(405,274),
(405,251),
(405,222),
(405,290),
(405,148),
(405,321),
(405,53),
(405,21),
(405,229),
(405,228),
(405,207),
(405,68),
(405,187),
(405,168),
(405,79),
(405,31),
(405,125),
(405,101),
(405,144),
(143,28),
(143,72),
(143,276),
(143,29),
(143,101),
(143,114),
(143,131),
(143,222),
(143,128),
(143,44),
(143,45),
(143,49),
(143,57),
(143,265),
(143,61),
(143,62),
(143,64),
(143,67),
(143,134),
(143,146),
(143,40),
(143,76),
(143,166),
(143,141),
(143,274),
(143,218),
(143,283),
(143,285),
(143,292),
(143,94),
(143,296),
(143,136),
(143,148),
(143,345),
(143,43),
(143,53),
(143,327),
(143,33),
(143,123),
(143,233),
(143,182),
(143,7),
(143,142),
(143,244),
(143,156),
(143,8),
(143,110),
(143,245),
(143,200),
(143,112),
(143,209),
(143,187),
(143,144),
(143,9),
(143,188),
(397,28),
(397,68),
(397,175),
(397,31),
(397,220),
(397,128),
(397,141),
(397,99),
(397,274),
(397,275),
(397,118),
(397,285),
(397,196),
(397,148),
(397,16),
(397,162),
(397,33),
(397,27),
(397,123),
(397,145),
(397,139),
(397,140),
(397,101),
(386,30),
(386,147),
(386,123),
(386,67),
(386,233),
(386,190),
(386,49),
(386,144),
(386,109),
(386,79),
(386,132),
(386,263),
(386,128),
(386,44),
(386,57),
(386,61),
(386,62),
(386,134),
(386,146),
(386,166),
(386,175),
(386,141),
(386,271),
(386,274),
(386,218),
(386,219),
(386,251),
(386,222),
(386,94),
(386,205),
(386,84),
(386,235),
(386,136),
(386,148),
(386,206),
(386,345),
(386,13),
(386,53),
(386,17),
(386,216),
(386,7),
(386,142),
(386,8),
(386,110),
(386,187),
(386,168),
(386,101),
(386,9),
(386,188),
(218,73),
(218,39),
(218,63),
(218,283),
(218,277),
(218,133),
(218,267),
(218,94),
(218,239),
(218,29),
(218,40),
(218,221),
(218,128),
(218,76),
(218,166),
(218,141),
(218,270),
(218,274),
(218,165),
(218,344),
(218,136),
(218,148),
(218,140),
(218,286),
(218,114),
(218,101),
(198,50),
(198,162),
(198,123),
(198,199),
(198,105),
(198,273),
(198,201),
(198,128),
(198,67),
(198,134),
(198,175),
(198,141),
(198,99),
(198,274),
(198,118),
(198,198),
(198,285),
(198,84),
(198,148),
(198,321),
(198,206),
(198,16),
(198,220),
(198,51),
(198,87),
(198,140),
(198,110),
(198,101),
(198,139),
(411,28),
(411,31),
(411,133),
(411,245),
(411,128),
(411,44),
(411,45),
(411,49),
(411,265),
(411,61),
(411,62),
(411,64),
(411,65),
(411,40),
(411,76),
(411,166),
(411,141),
(411,274),
(411,283),
(411,222),
(411,247),
(411,292),
(411,94),
(411,235),
(411,136),
(411,148),
(411,53),
(411,29),
(411,33),
(411,25),
(411,186),
(411,221),
(411,125),
(411,112),
(411,187),
(411,101),
(94,72),
(94,201),
(94,169),
(94,198),
(94,134),
(94,84),
(94,206),
(94,280),
(94,264),
(94,128),
(94,49),
(94,61),
(94,62),
(94,67),
(94,146),
(94,106),
(94,141),
(94,99),
(94,274),
(94,218),
(94,219),
(94,91),
(94,226),
(94,222),
(94,344),
(94,205),
(94,136),
(94,148),
(94,345),
(94,341),
(94,53),
(94,162),
(94,277),
(94,7),
(94,8),
(94,73),
(94,9),
(94,216),
(94,142),
(94,273),
(94,113),
(94,110),
(94,147),
(94,101),
(94,139),
(246,37),
(246,276),
(246,94),
(246,32),
(246,206),
(246,198),
(246,131),
(246,64),
(246,247),
(246,49),
(246,128),
(246,265),
(246,65),
(246,146),
(246,166),
(246,141),
(246,274),
(246,285),
(246,292),
(246,136),
(246,148),
(246,321),
(246,345),
(246,133),
(246,199),
(246,245),
(246,125),
(246,112),
(246,123),
(246,20),
(246,221),
(246,101),
(246,144),
(246,139),
(51,207),
(51,96),
(51,10),
(51,162),
(51,107),
(51,292),
(51,201),
(51,172),
(51,231),
(51,221),
(51,65),
(51,97),
(51,64),
(51,128),
(51,49),
(51,268),
(51,106),
(51,166),
(51,175),
(51,141),
(51,99),
(51,274),
(51,275),
(51,226),
(51,222),
(51,247),
(51,94),
(51,136),
(51,148),
(51,13),
(51,133),
(51,105),
(51,25),
(51,123),
(51,139),
(51,101),
(66,2),
(66,271),
(66,145),
(66,147),
(66,127),
(66,191),
(66,298),
(66,52),
(66,129),
(66,120),
(66,128),
(66,265),
(66,64),
(66,65),
(66,146),
(66,40),
(66,76),
(66,166),
(66,141),
(66,99),
(66,274),
(66,218),
(66,283),
(66,198),
(66,285),
(66,292),
(66,94),
(66,205),
(66,136),
(66,148),
(66,345),
(66,53),
(66,223),
(66,197),
(66,7),
(66,8),
(66,24),
(66,143),
(66,9),
(66,142),
(66,101),
(66,144),
(525,28),
(525,25),
(525,186),
(525,107),
(525,265),
(525,215),
(525,94),
(525,247),
(525,91),
(525,128),
(525,64),
(525,166),
(525,141),
(525,274),
(525,292),
(525,235),
(525,136),
(525,148),
(525,53),
(525,31),
(525,221),
(525,101),
(375,31),
(375,66),
(375,126),
(375,123),
(375,223),
(375,233),
(375,67),
(375,161),
(375,49),
(375,263),
(375,128),
(375,64),
(375,134),
(375,146),
(375,106),
(375,166),
(375,175),
(375,141),
(375,274),
(375,91),
(375,292),
(375,94),
(375,235),
(375,136),
(375,148),
(375,345),
(375,13),
(375,53),
(375,8),
(375,110),
(375,245),
(375,168),
(375,101),
(375,9),
(534,1),
(534,63),
(534,191),
(534,276),
(534,94),
(534,120),
(534,192),
(534,247),
(534,142),
(534,144),
(534,128),
(534,49),
(534,265),
(534,64),
(534,65),
(534,146),
(534,166),
(534,141),
(534,271),
(534,274),
(534,218),
(534,198),
(534,285),
(534,222),
(534,292),
(534,205),
(534,136),
(534,148),
(534,345),
(534,53),
(534,4),
(534,216),
(534,203),
(534,104),
(534,7),
(534,8),
(534,147),
(534,101),
(534,9),
(57,10),
(57,92),
(57,2),
(57,199),
(57,69),
(57,129),
(57,32),
(57,197),
(57,128),
(57,49),
(57,265),
(57,61),
(57,62),
(57,64),
(57,65),
(57,146),
(57,166),
(57,175),
(57,141),
(57,99),
(57,271),
(57,274),
(57,165),
(57,218),
(57,284),
(57,198),
(57,285),
(57,222),
(57,247),
(57,292),
(57,94),
(57,205),
(57,196),
(57,136),
(57,148),
(57,345),
(57,53),
(57,142),
(57,207),
(57,145),
(57,143),
(57,182),
(57,298),
(57,7),
(57,244),
(57,8),
(57,125),
(57,112),
(57,209),
(57,101),
(57,9),
(57,139),
(426,329),
(426,82),
(426,162),
(426,14),
(426,198),
(426,261),
(426,280),
(426,134),
(426,91),
(426,128),
(426,49),
(426,61),
(426,62),
(426,67),
(426,141),
(426,99),
(426,274),
(426,251),
(426,284),
(426,222),
(426,84),
(426,148),
(426,13),
(426,16),
(426,29),
(426,277),
(426,163),
(426,17),
(426,110),
(426,147),
(426,187),
(426,101),
(297,193),
(297,28),
(297,150),
(297,138),
(297,203),
(297,147),
(297,127),
(297,143),
(297,191),
(297,197),
(297,128),
(297,49),
(297,265),
(297,64),
(297,65),
(297,146),
(297,166),
(297,141),
(297,271),
(297,274),
(297,218),
(297,198),
(297,285),
(297,222),
(297,247),
(297,292),
(297,94),
(297,205),
(297,136),
(297,148),
(297,345),
(297,43),
(297,53),
(297,223),
(297,276),
(297,129),
(297,120),
(297,194),
(297,105),
(297,142),
(297,145),
(297,7),
(297,8),
(297,245),
(297,101),
(297,144),
(297,9),
(36,333),
(36,3),
(36,263),
(36,128),
(36,44),
(36,45),
(36,49),
(36,57),
(36,61),
(36,62),
(36,65),
(36,67),
(36,134),
(36,146),
(36,40),
(36,76),
(36,141),
(36,274),
(36,275),
(36,218),
(36,251),
(36,283),
(36,285),
(36,222),
(36,84),
(36,136),
(36,148),
(36,345),
(36,341),
(36,53),
(36,182),
(36,278),
(36,179),
(36,216),
(36,7),
(36,142),
(36,156),
(36,8),
(36,110),
(36,125),
(36,147),
(36,200),
(36,187),
(36,168),
(36,101),
(36,9),
(36,188),
(36,233),
(36,184),
(36,1),
(36,191),
(36,29),
(36,337),
(36,161),
(638,197),
(638,68),
(638,21),
(638,126),
(638,31),
(638,285),
(638,245),
(638,301),
(638,128),
(638,49),
(638,175),
(638,141),
(638,274),
(638,218),
(638,115),
(638,222),
(638,247),
(638,290),
(638,211),
(638,205),
(638,235),
(638,136),
(638,148),
(638,13),
(638,53),
(638,179),
(638,101),
(638,144),
(638,233),
(69,19),
(69,30),
(69,38),
(69,147),
(69,56),
(69,18),
(69,264),
(69,128),
(69,57),
(69,106),
(69,141),
(69,99),
(69,274),
(69,219),
(69,344),
(69,148),
(69,13),
(69,272),
(69,327),
(69,174),
(69,277),
(69,113),
(69,86),
(69,184),
(69,241),
(69,163),
(69,17),
(69,209),
(69,101),
(228,39),
(228,73),
(228,37),
(228,229),
(228,105),
(228,273),
(228,40),
(228,131),
(228,286),
(228,128),
(228,57),
(228,134),
(228,106),
(228,76),
(228,141),
(228,270),
(228,99),
(228,274),
(228,165),
(228,283),
(228,198),
(228,285),
(228,84),
(228,136),
(228,148),
(228,321),
(228,206),
(228,194),
(228,59),
(228,123),
(228,69),
(228,201),
(228,227),
(228,140),
(228,156),
(228,125),
(228,101),
(228,139),
(268,250),
(268,295),
(268,28),
(268,34),
(268,101),
(268,196),
(268,167),
(268,168),
(561,14),
(561,46),
(561,164),
(561,269),
(561,210),
(561,67),
(561,87),
(561,263),
(561,128),
(561,44),
(561,49),
(561,57),
(561,265),
(561,134),
(561,175),
(561,141),
(561,99),
(561,274),
(561,118),
(561,219),
(561,251),
(561,84),
(561,235),
(561,148),
(561,206),
(561,341),
(561,16),
(561,133),
(561,135),
(561,278),
(561,140),
(561,110),
(561,187),
(561,168),
(561,101),
(561,233),
(137,28),
(137,46),
(137,168),
(137,238),
(137,96),
(137,109),
(137,263),
(137,128),
(137,44),
(137,45),
(137,49),
(137,57),
(137,61),
(137,62),
(137,67),
(137,134),
(137,175),
(137,141),
(137,99),
(137,274),
(137,251),
(137,222),
(137,84),
(137,148),
(137,295),
(137,273),
(137,110),
(137,125),
(137,200),
(137,187),
(137,101),
(137,233),
(408,25),
(408,123),
(408,31),
(408,199),
(408,276),
(408,133),
(408,233),
(408,255),
(408,128),
(408,44),
(408,45),
(408,265),
(408,61),
(408,62),
(408,64),
(408,65),
(408,40),
(408,76),
(408,166),
(408,141),
(408,99),
(408,274),
(408,283),
(408,198),
(408,247),
(408,292),
(408,94),
(408,136),
(408,148),
(408,345),
(408,53),
(408,131),
(408,33),
(408,192),
(408,245),
(408,125),
(408,18),
(408,20),
(408,32),
(408,213),
(408,221),
(408,7),
(408,187),
(408,101),
(408,144),
(408,9),
(408,139),
(370,28),
(370,41),
(370,334),
(370,188),
(370,31),
(370,42),
(370,128),
(370,44),
(370,45),
(370,141),
(370,274),
(370,279),
(370,148),
(370,43),
(370,77),
(370,149),
(370,253),
(370,193),
(370,179),
(370,110),
(370,101),
(215,10),
(215,68),
(215,105),
(215,110),
(215,92),
(215,126),
(215,97),
(215,225),
(215,128),
(215,44),
(215,45),
(215,65),
(215,134),
(215,146),
(215,175),
(215,141),
(215,99),
(215,271),
(215,274),
(215,115),
(215,226),
(215,198),
(215,285),
(215,211),
(215,205),
(215,84),
(215,136),
(215,148),
(215,321),
(215,206),
(215,345),
(215,13),
(215,43),
(215,53),
(215,224),
(215,37),
(215,158),
(215,256),
(215,138),
(215,194),
(215,8),
(215,322),
(215,123),
(215,142),
(215,273),
(215,125),
(215,147),
(215,101),
(513,10),
(513,72),
(513,283),
(513,92),
(513,37),
(513,267),
(513,284),
(513,76),
(513,131),
(513,128),
(513,57),
(513,65),
(513,40),
(513,166),
(513,141),
(513,270),
(513,99),
(513,271),
(513,274),
(513,165),
(513,226),
(513,198),
(513,136),
(513,148),
(513,13),
(513,162),
(513,182),
(513,333),
(513,7),
(513,59),
(513,140),
(513,142),
(513,244),
(513,125),
(513,147),
(513,101),
(513,139),
(294,1),
(294,139),
(294,275),
(294,162),
(294,37),
(294,20),
(294,156),
(294,269),
(294,128),
(294,44),
(294,45),
(294,57),
(294,265),
(294,64),
(294,134),
(294,146),
(294,40),
(294,76),
(294,166),
(294,141),
(294,274),
(294,165),
(294,283),
(294,285),
(294,292),
(294,94),
(294,136),
(294,148),
(294,345),
(294,53),
(294,282),
(294,333),
(294,170),
(294,192),
(294,143),
(294,101),
(294,31),
(294,7),
(294,8),
(294,110),
(294,187),
(294,9),
(294,188),
(294,233),
(177,50),
(177,278),
(177,261),
(177,67),
(177,135),
(177,263),
(177,128),
(177,57),
(177,134),
(177,175),
(177,141),
(177,99),
(177,274),
(177,118),
(177,84),
(177,196),
(177,148),
(177,341),
(177,51),
(177,105),
(177,68),
(177,201),
(177,269),
(177,233),
(177,113),
(177,140),
(177,168),
(177,87),
(177,101),
(636,39),
(636,86),
(636,31),
(636,270),
(636,250),
(636,33),
(636,100),
(636,212),
(636,32),
(636,202),
(636,128),
(636,57),
(636,67),
(636,40),
(636,76),
(636,141),
(636,274),
(636,165),
(636,283),
(636,284),
(636,291),
(636,196),
(636,296),
(636,148),
(636,233),
(636,113),
(636,140),
(636,168),
(636,101),
(562,162),
(562,280),
(562,261),
(562,134),
(562,128),
(562,67),
(562,141),
(562,99),
(562,274),
(562,219),
(562,198),
(562,344),
(562,84),
(562,148),
(562,206),
(562,147),
(562,187),
(562,101),
(562,233),
(27,10),
(27,34),
(27,114),
(27,124),
(27,117),
(27,79),
(27,92),
(27,172),
(27,97),
(27,65),
(27,64),
(27,128),
(27,146),
(27,166),
(27,175),
(27,141),
(27,99),
(27,274),
(27,226),
(27,292),
(27,94),
(27,211),
(27,205),
(27,136),
(27,148),
(27,13),
(27,53),
(27,276),
(27,158),
(27,126),
(27,180),
(27,207),
(27,236),
(27,182),
(27,221),
(27,142),
(27,125),
(27,147),
(27,101),
(438,63),
(438,105),
(438,166),
(438,94),
(438,201),
(438,33),
(438,128),
(438,265),
(438,65),
(438,146),
(438,141),
(438,99),
(438,274),
(438,91),
(438,148),
(438,25),
(438,114),
(438,172),
(438,70),
(438,182),
(438,221),
(438,273),
(438,101),
(438,139),
(385,66),
(385,79),
(385,67),
(385,233),
(385,33),
(385,135),
(385,200),
(385,189),
(385,263),
(385,128),
(385,49),
(385,61),
(385,62),
(385,134),
(385,175),
(385,141),
(385,274),
(385,219),
(385,251),
(385,222),
(385,84),
(385,196),
(385,235),
(385,148),
(385,345),
(385,341),
(385,216),
(385,7),
(385,8),
(385,110),
(385,245),
(385,187),
(385,168),
(385,101),
(385,9),
(385,139),
(385,188),
(385,337),
(599,11),
(599,60),
(599,310),
(599,17),
(599,251),
(599,234),
(599,238),
(599,109),
(599,49),
(599,128),
(599,61),
(599,141),
(599,274),
(599,290),
(599,235),
(599,296),
(599,136),
(599,148),
(599,187),
(599,168),
(599,101),
(599,139),
(466,7),
(466,68),
(466,60),
(466,79),
(466,187),
(466,9),
(466,238),
(466,61),
(466,62),
(466,222),
(466,128),
(466,49),
(466,64),
(466,65),
(466,67),
(466,146),
(466,40),
(466,166),
(466,141),
(466,99),
(466,271),
(466,274),
(466,218),
(466,251),
(466,290),
(466,292),
(466,94),
(466,296),
(466,136),
(466,148),
(466,345),
(466,53),
(466,129),
(466,120),
(466,194),
(466,142),
(466,192),
(466,8),
(466,2),
(466,24),
(466,182),
(466,298),
(466,295),
(466,125),
(466,168),
(466,101),
(466,139),
(619,1),
(619,138),
(619,3),
(619,79),
(619,203),
(619,216),
(619,23),
(619,196),
(619,179),
(619,83),
(619,204),
(619,128),
(619,65),
(619,146),
(619,166),
(619,175),
(619,141),
(619,271),
(619,274),
(619,218),
(619,284),
(619,198),
(619,285),
(619,247),
(619,94),
(619,205),
(619,136),
(619,148),
(619,345),
(619,53),
(619,194),
(619,147),
(619,143),
(619,127),
(619,298),
(619,142),
(619,101),
(596,86),
(596,117),
(596,295),
(596,250),
(596,97),
(596,168),
(596,201),
(596,238),
(596,212),
(596,128),
(596,49),
(596,61),
(596,62),
(596,141),
(596,99),
(596,274),
(596,219),
(596,251),
(596,222),
(596,290),
(596,291),
(596,211),
(596,344),
(596,205),
(596,296),
(596,148),
(596,13),
(596,243),
(596,105),
(596,36),
(596,34),
(596,123),
(596,236),
(596,179),
(596,113),
(596,187),
(596,101),
(263,28),
(263,25),
(263,36),
(263,182),
(263,31),
(263,128),
(263,44),
(263,45),
(263,61),
(263,62),
(263,65),
(263,134),
(263,141),
(263,99),
(263,274),
(263,275),
(263,251),
(263,285),
(263,136),
(263,148),
(263,13),
(263,43),
(263,107),
(263,123),
(263,236),
(263,244),
(263,156),
(263,110),
(263,125),
(263,200),
(263,209),
(263,187),
(263,101),
(263,188),
(625,245),
(625,10),
(625,117),
(625,105),
(625,126),
(625,97),
(625,199),
(625,207),
(625,128),
(625,49),
(625,65),
(625,146),
(625,166),
(625,175),
(625,141),
(625,99),
(625,271),
(625,274),
(625,218),
(625,115),
(625,226),
(625,198),
(625,285),
(625,222),
(625,247),
(625,211),
(625,205),
(625,136),
(625,148),
(625,321),
(625,206),
(625,345),
(625,13),
(625,25),
(625,232),
(625,123),
(625,145),
(625,201),
(625,298),
(625,273),
(625,147),
(625,101),
(2,28),
(2,19),
(2,31),
(2,56),
(2,33),
(2,57),
(2,264),
(2,128),
(2,106),
(2,141),
(2,274),
(2,275),
(2,219),
(2,136),
(2,148),
(2,13),
(2,53),
(2,113),
(2,240),
(2,184),
(2,58),
(2,241),
(2,80),
(2,74),
(2,17),
(2,289),
(2,147),
(2,209),
(2,101),
(379,192),
(379,245),
(379,109),
(379,91),
(379,20),
(379,126),
(379,251),
(379,292),
(379,133),
(379,235),
(379,144),
(379,49),
(379,128),
(379,61),
(379,62),
(379,64),
(379,146),
(379,166),
(379,175),
(379,141),
(379,274),
(379,218),
(379,226),
(379,222),
(379,94),
(379,136),
(379,148),
(379,345),
(379,53),
(379,142),
(379,8),
(379,187),
(379,101),
(379,9),
(572,1),
(572,3),
(572,79),
(572,307),
(572,191),
(572,275),
(572,18),
(572,156),
(572,200),
(572,128),
(572,61),
(572,65),
(572,141),
(572,99),
(572,274),
(572,285),
(572,196),
(572,148),
(572,341),
(572,208),
(572,125),
(572,147),
(572,107),
(572,182),
(572,244),
(572,209),
(572,187),
(572,101),
(572,139),
(600,11),
(600,60),
(600,310),
(600,17),
(600,251),
(600,234),
(600,238),
(600,109),
(600,49),
(600,128),
(600,61),
(600,141),
(600,274),
(600,290),
(600,235),
(600,296),
(600,136),
(600,148),
(600,187),
(600,168),
(600,101),
(600,139),
(260,192),
(260,28),
(260,41),
(260,107),
(260,180),
(260,231),
(260,94),
(260,173),
(260,31),
(260,64),
(260,128),
(260,44),
(260,45),
(260,49),
(260,65),
(260,146),
(260,268),
(260,166),
(260,141),
(260,274),
(260,275),
(260,218),
(260,279),
(260,222),
(260,247),
(260,292),
(260,136),
(260,148),
(260,345),
(260,43),
(260,53),
(260,77),
(260,149),
(260,133),
(260,224),
(260,37),
(260,33),
(260,154),
(260,74),
(260,20),
(260,139),
(260,137),
(260,208),
(260,221),
(260,142),
(260,160),
(260,8),
(260,110),
(260,125),
(260,112),
(260,101),
(260,144),
(260,287),
(260,188),
(260,42),
(610,10),
(610,199),
(610,298),
(610,97),
(610,115),
(610,177),
(610,213),
(610,112),
(610,222),
(610,128),
(610,65),
(610,166),
(610,175),
(610,141),
(610,274),
(610,283),
(610,198),
(610,211),
(610,205),
(610,136),
(610,148),
(610,13),
(610,53),
(610,125),
(610,207),
(610,12),
(610,208),
(610,237),
(610,187),
(610,101),
(610,144),
(134,28),
(134,41),
(134,68),
(134,188),
(134,48),
(134,173),
(134,200),
(134,42),
(134,128),
(134,44),
(134,45),
(134,49),
(134,65),
(134,134),
(134,141),
(134,274),
(134,275),
(134,279),
(134,285),
(134,222),
(134,136),
(134,148),
(134,43),
(134,53),
(134,77),
(134,149),
(134,182),
(134,278),
(134,269),
(134,208),
(134,156),
(134,110),
(134,125),
(134,168),
(134,101),
(134,79),
(134,37),
(134,31),
(134,33),
(647,253),
(647,21),
(647,47),
(647,31),
(647,285),
(647,208),
(647,301),
(647,42),
(647,197),
(647,128),
(647,49),
(647,175),
(647,141),
(647,274),
(647,218),
(647,115),
(647,279),
(647,222),
(647,247),
(647,211),
(647,205),
(647,136),
(647,148),
(647,13),
(647,43),
(647,53),
(647,179),
(647,182),
(647,110),
(647,200),
(647,314),
(647,101),
(647,144),
(647,188),
(441,156),
(441,248),
(441,50),
(441,27),
(441,274),
(441,275),
(441,139),
(441,269),
(441,128),
(441,175),
(441,141),
(441,99),
(441,118),
(441,196),
(441,148),
(441,16),
(441,164),
(441,338),
(441,140),
(441,87),
(441,101),
(644,227),
(644,133),
(644,61),
(644,122),
(644,97),
(644,233),
(644,325),
(644,177),
(644,131),
(644,62),
(644,112),
(644,156),
(644,316),
(644,128),
(644,49),
(644,67),
(644,134),
(644,166),
(644,141),
(644,274),
(644,275),
(644,118),
(644,218),
(644,251),
(644,226),
(644,198),
(644,222),
(644,247),
(644,290),
(644,94),
(644,294),
(644,235),
(644,296),
(644,136),
(644,148),
(644,13),
(644,16),
(644,53),
(644,237),
(644,213),
(644,221),
(644,187),
(644,168),
(644,101),
(644,9),
(576,1),
(576,66),
(576,3),
(576,46),
(576,105),
(576,263),
(576,135),
(576,67),
(576,128),
(576,49),
(576,61),
(576,134),
(576,166),
(576,141),
(576,99),
(576,271),
(576,274),
(576,219),
(576,251),
(576,198),
(576,222),
(576,94),
(576,84),
(576,148),
(576,206),
(576,345),
(576,139),
(576,182),
(576,273),
(576,187),
(576,168),
(576,101),
(576,233),
(217,192),
(217,182),
(217,10),
(217,72),
(217,92),
(217,105),
(217,97),
(217,101),
(217,32),
(217,128),
(217,49),
(217,265),
(217,64),
(217,65),
(217,146),
(217,166),
(217,175),
(217,141),
(217,99),
(217,274),
(217,218),
(217,226),
(217,198),
(217,285),
(217,222),
(217,247),
(217,292),
(217,94),
(217,136),
(217,148),
(217,345),
(217,13),
(217,53),
(217,276),
(217,197),
(217,129),
(217,131),
(217,33),
(217,126),
(217,207),
(217,335),
(217,31),
(217,7),
(217,142),
(217,244),
(217,156),
(217,8),
(217,200),
(217,209),
(217,144),
(217,9),
(217,139),
(315,54),
(315,34),
(315,55),
(315,184),
(315,113),
(315,331),
(315,58),
(315,264),
(315,128),
(315,57),
(315,134),
(315,106),
(315,141),
(315,274),
(315,219),
(315,205),
(315,148),
(315,341),
(315,13),
(315,174),
(315,170),
(315,240),
(315,36),
(315,56),
(315,209),
(315,182),
(315,101),
(229,286),
(229,227),
(229,39),
(229,73),
(229,37),
(229,229),
(229,105),
(229,273),
(229,40),
(229,131),
(229,128),
(229,49),
(229,57),
(229,134),
(229,106),
(229,76),
(229,141),
(229,270),
(229,99),
(229,274),
(229,165),
(229,283),
(229,198),
(229,285),
(229,222),
(229,84),
(229,136),
(229,148),
(229,321),
(229,206),
(229,53),
(229,194),
(229,59),
(229,123),
(229,69),
(229,201),
(229,140),
(229,156),
(229,125),
(229,101),
(229,139),
(616,86),
(616,38),
(616,291),
(616,55),
(616,113),
(616,29),
(616,212),
(616,264),
(616,128),
(616,106),
(616,141),
(616,274),
(616,219),
(616,344),
(616,148),
(616,33),
(616,194),
(616,107),
(616,123),
(616,250),
(616,168),
(616,101),
(470,28),
(470,56),
(470,68),
(470,184),
(470,113),
(470,200),
(470,185),
(470,128),
(470,49),
(470,57),
(470,65),
(470,134),
(470,175),
(470,141),
(470,274),
(470,275),
(470,219),
(470,285),
(470,222),
(470,211),
(470,136),
(470,148),
(470,53),
(470,182),
(470,278),
(470,269),
(470,156),
(470,125),
(470,147),
(470,209),
(470,101),
(470,79),
(470,37),
(470,31),
(470,33),
(591,54),
(591,162),
(591,55),
(591,105),
(591,113),
(591,277),
(591,57),
(591,264),
(591,128),
(591,49),
(591,106),
(591,141),
(591,274),
(591,219),
(591,198),
(591,222),
(591,148),
(591,29),
(591,114),
(591,273),
(591,209),
(591,101),
(615,207),
(615,225),
(615,17),
(615,124),
(615,110),
(615,48),
(615,44),
(615,97),
(615,332),
(615,57),
(615,128),
(615,45),
(615,49),
(615,141),
(615,274),
(615,284),
(615,91),
(615,293),
(615,205),
(615,235),
(615,148),
(615,147),
(615,168),
(615,101),
(615,188),
(454,162),
(454,107),
(454,34),
(454,123),
(454,105),
(454,145),
(454,231),
(454,201),
(454,264),
(454,205),
(454,106),
(454,327),
(454,128),
(454,49),
(454,64),
(454,65),
(454,134),
(454,146),
(454,268),
(454,166),
(454,141),
(454,99),
(454,271),
(454,274),
(454,218),
(454,198),
(454,285),
(454,222),
(454,247),
(454,292),
(454,94),
(454,211),
(454,136),
(454,148),
(454,206),
(454,345),
(454,13),
(454,53),
(454,223),
(454,129),
(454,216),
(454,120),
(454,138),
(454,194),
(454,25),
(454,143),
(454,217),
(454,191),
(454,179),
(454,298),
(454,142),
(454,273),
(454,244),
(454,8),
(454,110),
(454,147),
(454,101),
(454,9),
(643,229),
(643,133),
(643,40),
(643,122),
(643,97),
(643,170),
(643,324),
(643,213),
(643,131),
(643,76),
(643,112),
(643,156),
(643,317),
(643,177),
(643,128),
(643,49),
(643,57),
(643,67),
(643,134),
(643,166),
(643,141),
(643,270),
(643,274),
(643,275),
(643,165),
(643,118),
(643,218),
(643,283),
(643,226),
(643,198),
(643,222),
(643,247),
(643,94),
(643,294),
(643,136),
(643,148),
(643,13),
(643,16),
(643,53),
(643,237),
(643,221),
(643,140),
(643,101),
(643,233),
(359,12),
(359,135),
(359,10),
(359,194),
(359,68),
(359,123),
(359,37),
(359,97),
(359,207),
(359,232),
(359,201),
(359,128),
(359,44),
(359,45),
(359,49),
(359,61),
(359,62),
(359,134),
(359,40),
(359,76),
(359,166),
(359,175),
(359,141),
(359,99),
(359,274),
(359,275),
(359,115),
(359,251),
(359,283),
(359,226),
(359,198),
(359,285),
(359,222),
(359,247),
(359,94),
(359,211),
(359,84),
(359,136),
(359,148),
(359,321),
(359,206),
(359,13),
(359,53),
(359,199),
(359,33),
(359,105),
(359,280),
(359,121),
(359,335),
(359,233),
(359,179),
(359,273),
(359,110),
(359,125),
(359,147),
(359,187),
(359,101),
(359,144),
(359,188),
(125,68),
(125,60),
(125,79),
(125,187),
(125,9),
(125,238),
(125,61),
(125,62),
(125,128),
(125,49),
(125,67),
(125,146),
(125,141),
(125,99),
(125,271),
(125,274),
(125,218),
(125,251),
(125,222),
(125,290),
(125,296),
(125,136),
(125,148),
(125,345),
(125,53),
(125,129),
(125,120),
(125,194),
(125,7),
(125,142),
(125,192),
(125,8),
(125,2),
(125,24),
(125,182),
(125,298),
(125,295),
(125,125),
(125,168),
(125,101),
(125,139),
(58,37),
(58,39),
(58,100),
(58,229),
(58,31),
(58,267),
(58,285),
(58,40),
(58,131),
(58,140),
(58,112),
(58,202),
(58,128),
(58,65),
(58,76),
(58,175),
(58,141),
(58,270),
(58,99),
(58,274),
(58,165),
(58,283),
(58,296),
(58,136),
(58,148),
(58,321),
(58,53),
(58,29),
(58,197),
(58,182),
(58,33),
(58,21),
(58,59),
(58,125),
(58,32),
(58,101),
(421,28),
(421,184),
(421,58),
(421,31),
(421,57),
(421,331),
(421,128),
(421,49),
(421,141),
(421,274),
(421,219),
(421,222),
(421,148),
(421,341),
(421,56),
(421,114),
(421,209),
(421,163),
(421,113),
(421,101),
(251,66),
(251,184),
(251,133),
(251,135),
(251,240),
(251,128),
(251,49),
(251,57),
(251,67),
(251,134),
(251,175),
(251,141),
(251,274),
(251,275),
(251,219),
(251,251),
(251,222),
(251,84),
(251,196),
(251,148),
(251,341),
(251,13),
(251,221),
(251,113),
(251,200),
(251,209),
(251,187),
(251,168),
(251,101),
(251,139),
(251,188),
(251,233),
(251,343),
(225,128),
(225,44),
(225,45),
(225,146),
(225,175),
(225,141),
(225,99),
(225,274),
(225,293),
(225,148),
(225,345),
(225,16),
(225,48),
(225,138),
(225,332),
(225,135),
(225,154),
(225,8),
(225,225),
(225,110),
(225,68),
(225,124),
(225,179),
(225,142),
(225,244),
(225,209),
(225,168),
(225,87),
(225,101),
(225,188),
(46,10),
(46,86),
(46,117),
(46,97),
(46,113),
(46,211),
(46,264),
(46,128),
(46,57),
(46,65),
(46,146),
(46,106),
(46,175),
(46,141),
(46,99),
(46,274),
(46,219),
(46,115),
(46,291),
(46,136),
(46,148),
(46,13),
(46,250),
(46,243),
(46,328),
(46,126),
(46,46),
(46,123),
(46,147),
(46,209),
(46,101),
(496,28),
(496,19),
(496,30),
(496,303),
(496,55),
(496,18),
(496,185),
(496,113),
(496,240),
(496,128),
(496,57),
(496,175),
(496,141),
(496,274),
(496,219),
(496,148),
(496,13),
(496,125),
(496,184),
(496,123),
(496,130),
(496,208),
(496,17),
(496,289),
(496,147),
(496,209),
(496,101),
(627,50),
(627,27),
(627,175),
(627,97),
(627,210),
(627,158),
(627,281),
(627,220),
(627,32),
(627,128),
(627,166),
(627,141),
(627,274),
(627,118),
(627,226),
(627,285),
(627,94),
(627,196),
(627,136),
(627,148),
(627,13),
(627,16),
(627,53),
(627,140),
(627,101),
(627,144),
(224,244),
(224,186),
(224,41),
(224,82),
(224,46),
(224,48),
(224,47),
(224,108),
(224,168),
(224,44),
(224,174),
(224,42),
(224,49),
(224,128),
(224,45),
(224,265),
(224,67),
(224,268),
(224,40),
(224,106),
(224,76),
(224,141),
(224,99),
(224,274),
(224,219),
(224,279),
(224,251),
(224,283),
(224,198),
(224,222),
(224,235),
(224,148),
(224,43),
(224,77),
(224,149),
(224,272),
(224,180),
(224,101),
(224,79),
(224,188),
(224,17),
(224,179),
(224,110),
(224,209),
(500,192),
(500,28),
(500,39),
(500,270),
(500,150),
(500,73),
(500,114),
(500,31),
(500,199),
(500,40),
(500,255),
(500,202),
(500,128),
(500,49),
(500,57),
(500,265),
(500,64),
(500,146),
(500,76),
(500,166),
(500,141),
(500,271),
(500,274),
(500,275),
(500,165),
(500,218),
(500,279),
(500,283),
(500,222),
(500,247),
(500,292),
(500,94),
(500,205),
(500,296),
(500,136),
(500,148),
(500,345),
(500,53),
(500,29),
(500,182),
(500,201),
(500,144),
(500,32),
(500,159),
(500,288),
(500,7),
(500,142),
(500,140),
(500,245),
(500,125),
(500,101),
(500,9),
(500,233),
(500,343),
(239,68),
(239,60),
(239,79),
(239,187),
(239,9),
(239,238),
(239,61),
(239,62),
(239,128),
(239,67),
(239,146),
(239,141),
(239,99),
(239,274),
(239,251),
(239,290),
(239,296),
(239,136),
(239,148),
(239,345),
(239,129),
(239,120),
(239,194),
(239,7),
(239,142),
(239,192),
(239,8),
(239,2),
(239,24),
(239,182),
(239,298),
(239,295),
(239,168),
(239,101),
(239,139),
(626,123),
(626,69),
(626,27),
(626,26),
(626,145),
(626,309),
(626,121),
(626,32),
(626,222),
(626,128),
(626,64),
(626,166),
(626,175),
(626,141),
(626,274),
(626,198),
(626,285),
(626,247),
(626,292),
(626,94),
(626,205),
(626,296),
(626,136),
(626,148),
(626,13),
(626,43),
(626,53),
(626,327),
(626,25),
(626,245),
(626,180),
(626,107),
(626,236),
(626,80),
(626,20),
(626,112),
(626,101),
(626,144),
(626,139),
(626,233),
(17,28),
(17,14),
(17,68),
(17,130),
(17,210),
(17,308),
(17,128),
(17,175),
(17,141),
(17,99),
(17,274),
(17,118),
(17,196),
(17,148),
(17,16),
(17,164),
(17,220),
(17,105),
(17,123),
(17,139),
(17,140),
(17,87),
(17,101),
(10,28),
(10,250),
(10,295),
(10,101),
(10,128),
(10,291),
(10,344),
(10,168),
(275,105),
(275,56),
(275,303),
(275,308),
(275,240),
(275,128),
(275,49),
(275,57),
(275,65),
(275,134),
(275,146),
(275,166),
(275,175),
(275,141),
(275,99),
(275,271),
(275,274),
(275,218),
(275,219),
(275,115),
(275,91),
(275,198),
(275,285),
(275,222),
(275,94),
(275,211),
(275,136),
(275,148),
(275,321),
(275,206),
(275,345),
(275,13),
(275,53),
(275,174),
(275,273),
(275,68),
(275,12),
(275,31),
(275,179),
(275,113),
(275,110),
(275,147),
(275,209),
(275,101),
(275,170),
(275,138),
(275,1),
(275,185),
(614,32),
(614,144),
(614,253),
(614,103),
(614,110),
(614,92),
(614,193),
(614,97),
(614,322),
(614,45),
(614,128),
(614,44),
(614,49),
(614,146),
(614,166),
(614,175),
(614,141),
(614,274),
(614,275),
(614,218),
(614,222),
(614,292),
(614,293),
(614,94),
(614,136),
(614,148),
(614,345),
(614,13),
(614,43),
(614,53),
(614,199),
(614,224),
(614,142),
(614,8),
(614,207),
(614,335),
(614,182),
(614,101),
(614,188),
(167,34),
(167,82),
(167,86),
(167,230),
(167,92),
(167,201),
(167,36),
(167,67),
(167,205),
(167,243),
(167,264),
(167,128),
(167,57),
(167,65),
(167,106),
(167,141),
(167,99),
(167,274),
(167,291),
(167,211),
(167,344),
(167,148),
(167,295),
(167,121),
(167,207),
(167,46),
(167,123),
(167,168),
(167,35),
(167,179),
(167,250),
(167,273),
(167,113),
(167,101),
(624,10),
(624,117),
(624,105),
(624,126),
(624,97),
(624,199),
(624,207),
(624,245),
(624,128),
(624,65),
(624,146),
(624,166),
(624,175),
(624,141),
(624,99),
(624,271),
(624,274),
(624,115),
(624,226),
(624,198),
(624,285),
(624,211),
(624,205),
(624,136),
(624,148),
(624,321),
(624,206),
(624,345),
(624,13),
(624,25),
(624,232),
(624,123),
(624,145),
(624,201),
(624,298),
(624,273),
(624,147),
(624,101),
(103,209),
(103,85),
(103,66),
(103,20),
(103,263),
(103,71),
(103,252),
(103,240),
(103,128),
(103,49),
(103,57),
(103,67),
(103,106),
(103,141),
(103,99),
(103,274),
(103,219),
(103,91),
(103,222),
(103,344),
(103,84),
(103,148),
(103,53),
(103,133),
(103,113),
(103,101),
(103,233),
(103,139),
(103,174),
(103,170),
(93,72),
(93,201),
(93,169),
(93,198),
(93,134),
(93,84),
(93,206),
(93,280),
(93,264),
(93,128),
(93,61),
(93,67),
(93,106),
(93,141),
(93,99),
(93,274),
(93,219),
(93,91),
(93,226),
(93,344),
(93,205),
(93,148),
(93,341),
(93,162),
(93,277),
(93,7),
(93,8),
(93,73),
(93,9),
(93,273),
(93,113),
(93,110),
(93,147),
(93,101),
(93,139),
(557,117),
(557,186),
(557,105),
(557,265),
(557,250),
(557,94),
(557,97),
(557,211),
(557,242),
(557,128),
(557,57),
(557,64),
(557,65),
(557,166),
(557,175),
(557,141),
(557,274),
(557,226),
(557,247),
(557,291),
(557,292),
(557,205),
(557,136),
(557,148),
(557,13),
(557,53),
(557,207),
(557,172),
(557,147),
(557,101),
(11,250),
(11,295),
(11,28),
(11,101),
(11,128),
(11,291),
(11,344),
(11,168),
(577,114),
(577,128),
(577,263),
(577,135),
(577,67),
(577,62),
(577,134),
(577,166),
(577,141),
(577,274),
(577,219),
(577,91),
(577,94),
(577,344),
(577,84),
(577,235),
(577,148),
(577,162),
(577,187),
(577,168),
(577,101),
(577,233),
(575,1),
(575,66),
(575,3),
(575,46),
(575,105),
(575,263),
(575,135),
(575,67),
(575,128),
(575,61),
(575,134),
(575,166),
(575,141),
(575,99),
(575,274),
(575,219),
(575,251),
(575,198),
(575,94),
(575,84),
(575,148),
(575,206),
(575,139),
(575,182),
(575,273),
(575,187),
(575,168),
(575,101),
(575,233),
(180,28),
(180,60),
(180,31),
(180,215),
(180,238),
(180,168),
(180,62),
(180,128),
(180,61),
(180,146),
(180,141),
(180,274),
(180,275),
(180,251),
(180,290),
(180,296),
(180,136),
(180,148),
(180,53),
(180,29),
(180,125),
(180,295),
(180,7),
(180,142),
(180,187),
(180,101),
(180,9),
(250,163),
(250,14),
(250,220),
(250,170),
(250,76),
(250,119),
(250,133),
(250,135),
(250,87),
(250,128),
(250,49),
(250,57),
(250,61),
(250,62),
(250,64),
(250,67),
(250,134),
(250,40),
(250,175),
(250,141),
(250,270),
(250,274),
(250,275),
(250,165),
(250,251),
(250,281),
(250,283),
(250,222),
(250,292),
(250,84),
(250,136),
(250,148),
(250,16),
(250,53),
(250,221),
(250,113),
(250,140),
(250,156),
(250,245),
(250,187),
(250,168),
(250,101),
(250,233),
(475,278),
(475,197),
(475,185),
(475,207),
(475,66),
(475,117),
(475,97),
(475,232),
(475,194),
(475,115),
(475,263),
(475,128),
(475,49),
(475,61),
(475,64),
(475,67),
(475,134),
(475,146),
(475,166),
(475,175),
(475,141),
(475,99),
(475,271),
(475,274),
(475,275),
(475,218),
(475,251),
(475,285),
(475,222),
(475,247),
(475,292),
(475,94),
(475,211),
(475,205),
(475,84),
(475,136),
(475,148),
(475,345),
(475,341),
(475,13),
(475,53),
(475,230),
(475,269),
(475,216),
(475,298),
(475,7),
(475,142),
(475,156),
(475,8),
(475,147),
(475,187),
(475,168),
(475,101),
(475,9),
(475,233),
(475,333),
(475,184),
(475,334),
(475,135),
(352,269),
(352,133),
(352,99),
(352,162),
(352,72),
(352,10),
(352,17),
(352,230),
(352,194),
(352,92),
(352,105),
(352,46),
(352,97),
(352,226),
(352,201),
(352,128),
(352,44),
(352,45),
(352,57),
(352,61),
(352,62),
(352,65),
(352,134),
(352,146),
(352,40),
(352,76),
(352,166),
(352,175),
(352,141),
(352,274),
(352,251),
(352,283),
(352,285),
(352,94),
(352,136),
(352,148),
(352,345),
(352,13),
(352,53),
(352,89),
(352,138),
(352,273),
(352,208),
(352,216),
(352,7),
(352,142),
(352,8),
(352,110),
(352,125),
(352,147),
(352,200),
(352,187),
(352,101),
(352,9),
(352,188),
(494,311),
(494,66),
(494,283),
(494,68),
(494,25),
(494,270),
(494,267),
(494,233),
(494,286),
(494,33),
(494,202),
(494,278),
(494,165),
(494,263),
(494,128),
(494,49),
(494,57),
(494,61),
(494,62),
(494,67),
(494,134),
(494,146),
(494,40),
(494,76),
(494,141),
(494,274),
(494,218),
(494,219),
(494,251),
(494,222),
(494,196),
(494,296),
(494,136),
(494,148),
(494,345),
(494,341),
(494,179),
(494,7),
(494,140),
(494,200),
(494,187),
(494,168),
(494,101),
(494,9),
(494,139),
(494,323),
(455,17),
(455,37),
(455,19),
(455,105),
(455,303),
(455,131),
(455,241),
(455,128),
(455,49),
(455,57),
(455,106),
(455,141),
(455,99),
(455,274),
(455,219),
(455,198),
(455,222),
(455,344),
(455,148),
(455,13),
(455,113),
(455,184),
(455,56),
(455,18),
(455,250),
(455,147),
(455,209),
(455,101),
(493,221),
(493,156),
(493,132),
(493,135),
(493,49),
(493,249),
(493,177),
(493,263),
(493,128),
(493,44),
(493,45),
(493,57),
(493,61),
(493,62),
(493,64),
(493,67),
(493,134),
(493,146),
(493,40),
(493,106),
(493,76),
(493,166),
(493,175),
(493,141),
(493,274),
(493,275),
(493,165),
(493,218),
(493,219),
(493,251),
(493,283),
(493,226),
(493,198),
(493,285),
(493,222),
(493,247),
(493,292),
(493,94),
(493,211),
(493,205),
(493,84),
(493,235),
(493,136),
(493,148),
(493,321),
(493,206),
(493,13),
(493,16),
(493,43),
(493,53),
(493,77),
(493,237),
(493,208),
(493,213),
(493,113),
(493,140),
(493,110),
(493,245),
(493,125),
(493,200),
(493,112),
(493,187),
(493,168),
(493,101),
(493,188),
(493,233),
(110,28),
(110,73),
(110,199),
(110,277),
(110,74),
(110,70),
(110,256),
(110,106),
(110,91),
(110,327),
(110,264),
(110,128),
(110,49),
(110,61),
(110,62),
(110,134),
(110,40),
(110,76),
(110,141),
(110,99),
(110,274),
(110,283),
(110,198),
(110,222),
(110,344),
(110,148),
(110,206),
(110,46),
(110,187),
(110,101),
(110,139),
(163,28),
(163,50),
(163,139),
(163,66),
(163,275),
(163,31),
(163,210),
(163,233),
(163,269),
(163,170),
(163,84),
(163,128),
(163,67),
(163,134),
(163,175),
(163,141),
(163,99),
(163,274),
(163,118),
(163,148),
(163,16),
(163,105),
(163,87),
(163,140),
(163,156),
(163,101),
(221,133),
(221,50),
(221,103),
(221,107),
(221,231),
(221,110),
(221,228),
(221,31),
(221,27),
(221,32),
(221,64),
(221,45),
(221,128),
(221,44),
(221,49),
(221,65),
(221,166),
(221,141),
(221,274),
(221,222),
(221,247),
(221,292),
(221,94),
(221,136),
(221,148),
(221,53),
(221,224),
(221,37),
(221,29),
(221,33),
(221,332),
(221,322),
(221,176),
(221,180),
(221,221),
(221,101),
(221,144),
(221,28),
(221,225),
(202,33),
(202,66),
(202,67),
(202,84),
(202,105),
(202,201),
(202,233),
(202,269),
(335,10),
(335,68),
(335,117),
(335,123),
(335,97),
(335,145),
(335,158),
(335,115),
(335,211),
(335,197),
(335,128),
(335,44),
(335,45),
(335,57),
(335,61),
(335,62),
(335,65),
(335,134),
(335,146),
(335,40),
(335,76),
(335,166),
(335,175),
(335,141),
(335,99),
(335,274),
(335,218),
(335,283),
(335,226),
(335,198),
(335,285),
(335,94),
(335,205),
(335,136),
(335,148),
(335,345),
(335,53),
(335,256),
(335,21),
(335,194),
(335,92),
(335,125),
(335,126),
(335,207),
(335,12),
(335,7),
(335,142),
(335,113),
(335,8),
(335,110),
(335,147),
(335,200),
(335,187),
(335,101),
(335,9),
(335,188),
(510,10),
(510,92),
(510,123),
(510,138),
(510,199),
(510,97),
(510,207),
(510,201),
(510,335),
(510,128),
(510,49),
(510,134),
(510,175),
(510,141),
(510,99),
(510,274),
(510,275),
(510,198),
(510,226),
(510,222),
(510,84),
(510,196),
(510,136),
(510,148),
(510,321),
(510,206),
(510,13),
(510,182),
(510,105),
(510,273),
(510,6),
(510,244),
(510,156),
(510,125),
(510,147),
(510,209),
(510,101),
(98,88),
(98,11),
(98,47),
(98,180),
(98,126),
(98,20),
(98,18),
(98,193),
(98,90),
(98,128),
(98,44),
(98,45),
(98,65),
(98,146),
(98,166),
(98,141),
(98,99),
(98,274),
(98,115),
(98,279),
(98,94),
(98,211),
(98,136),
(98,148),
(98,13),
(98,43),
(98,53),
(98,149),
(98,133),
(98,276),
(98,147),
(98,110),
(98,101),
(98,144),
(98,188),
(410,28),
(410,31),
(410,133),
(410,245),
(410,128),
(410,44),
(410,45),
(410,265),
(410,61),
(410,62),
(410,64),
(410,65),
(410,40),
(410,76),
(410,166),
(410,141),
(410,274),
(410,283),
(410,247),
(410,292),
(410,94),
(410,235),
(410,136),
(410,148),
(410,53),
(410,29),
(410,33),
(410,25),
(410,186),
(410,221),
(410,125),
(410,187),
(410,101),
(388,28),
(388,54),
(388,56),
(388,37),
(388,55),
(388,131),
(388,113),
(388,240),
(388,128),
(388,57),
(388,141),
(388,274),
(388,219),
(388,136),
(388,148),
(388,13),
(388,53),
(388,29),
(388,33),
(388,221),
(388,172),
(388,209),
(388,144),
(388,32),
(388,289),
(388,125),
(388,101),
(445,229),
(445,28),
(445,31),
(445,172),
(445,298),
(445,97),
(445,177),
(445,65),
(445,131),
(445,214),
(445,128),
(445,49),
(445,64),
(445,146),
(445,40),
(445,76),
(445,166),
(445,175),
(445,141),
(445,274),
(445,115),
(445,283),
(445,226),
(445,222),
(445,247),
(445,292),
(445,94),
(445,294),
(445,205),
(445,136),
(445,148),
(445,13),
(445,43),
(445,53),
(445,29),
(445,33),
(445,122),
(445,245),
(445,125),
(445,126),
(445,180),
(445,112),
(445,236),
(445,32),
(445,130),
(445,208),
(445,237),
(445,213),
(445,221),
(445,101),
(565,41),
(565,114),
(565,37),
(565,253),
(565,133),
(565,131),
(565,193),
(565,265),
(565,208),
(565,94),
(565,42),
(565,128),
(565,44),
(565,45),
(565,49),
(565,64),
(565,65),
(565,166),
(565,141),
(565,274),
(565,218),
(565,279),
(565,222),
(565,247),
(565,292),
(565,136),
(565,148),
(565,43),
(565,53),
(565,77),
(565,149),
(565,29),
(565,147),
(565,63),
(565,18),
(565,188),
(565,137),
(565,221),
(565,110),
(565,245),
(565,125),
(565,101),
(565,144),
(565,233),
(552,69),
(552,37),
(552,172),
(552,199),
(552,107),
(552,131),
(552,65),
(552,273),
(552,64),
(552,32),
(552,128),
(552,146),
(552,106),
(552,166),
(552,141),
(552,99),
(552,271),
(552,274),
(552,283),
(552,226),
(552,198),
(552,285),
(552,247),
(552,292),
(552,94),
(552,136),
(552,148),
(552,321),
(552,206),
(552,345),
(552,13),
(552,53),
(552,33),
(552,229),
(552,123),
(552,236),
(552,227),
(552,139),
(552,208),
(552,221),
(552,142),
(552,125),
(552,147),
(552,101),
(331,34),
(331,54),
(331,155),
(331,105),
(331,198),
(331,201),
(331,36),
(331,219),
(331,264),
(331,128),
(331,57),
(331,146),
(331,141),
(331,274),
(331,205),
(331,148),
(331,206),
(331,345),
(331,13),
(331,38),
(331,327),
(331,120),
(331,328),
(331,184),
(331,209),
(331,143),
(331,216),
(331,142),
(331,113),
(331,101),
(331,9),
(473,133),
(473,50),
(473,103),
(473,107),
(473,231),
(473,228),
(473,31),
(473,256),
(473,32),
(473,64),
(473,45),
(473,128),
(473,44),
(473,49),
(473,65),
(473,166),
(473,141),
(473,274),
(473,222),
(473,247),
(473,292),
(473,94),
(473,136),
(473,148),
(473,53),
(473,224),
(473,37),
(473,29),
(473,33),
(473,332),
(473,322),
(473,176),
(473,180),
(473,221),
(473,110),
(473,245),
(473,147),
(473,101),
(473,144),
(473,28),
(473,225),
(473,27),
(361,103),
(361,225),
(361,110),
(361,37),
(361,228),
(361,25),
(361,293),
(361,131),
(361,45),
(361,128),
(361,44),
(361,134),
(361,141),
(361,274),
(361,148),
(361,224),
(361,280),
(361,114),
(361,163),
(361,101),
(361,188),
(182,240),
(182,185),
(182,55),
(182,184),
(182,331),
(182,264),
(182,128),
(182,49),
(182,57),
(182,106),
(182,141),
(182,274),
(182,219),
(182,222),
(182,344),
(182,148),
(182,341),
(182,13),
(182,56),
(182,216),
(182,113),
(182,209),
(182,101),
(182,139),
(182,337),
(182,54),
(182,38),
(182,58),
(120,28),
(120,41),
(120,124),
(120,79),
(120,47),
(120,193),
(120,215),
(120,67),
(120,42),
(120,128),
(120,44),
(120,45),
(120,61),
(120,62),
(120,141),
(120,274),
(120,279),
(120,235),
(120,148),
(120,341),
(120,43),
(120,77),
(120,149),
(120,110),
(120,168),
(120,101),
(120,188),
(326,46),
(326,233),
(326,215),
(326,101),
(326,263),
(326,198),
(326,67),
(326,179),
(326,128),
(326,49),
(326,134),
(326,146),
(326,141),
(326,99),
(326,274),
(326,218),
(326,219),
(326,251),
(326,222),
(326,292),
(326,84),
(326,148),
(326,345),
(326,170),
(326,135),
(326,182),
(326,216),
(326,7),
(326,142),
(326,8),
(326,110),
(326,125),
(326,187),
(326,168),
(326,9),
(539,136),
(539,21),
(539,271),
(539,2),
(539,146),
(539,285),
(539,197),
(539,128),
(539,64),
(539,65),
(539,166),
(539,141),
(539,274),
(539,218),
(539,198),
(539,222),
(539,247),
(539,292),
(539,94),
(539,205),
(539,148),
(539,345),
(539,53),
(539,298),
(539,7),
(539,142),
(539,8),
(539,147),
(539,101),
(539,144),
(539,9),
(539,233),
(122,184),
(122,66),
(122,3),
(122,46),
(122,67),
(122,263),
(122,128),
(122,49),
(122,57),
(122,61),
(122,62),
(122,134),
(122,146),
(122,175),
(122,141),
(122,99),
(122,274),
(122,218),
(122,219),
(122,251),
(122,198),
(122,222),
(122,344),
(122,84),
(122,148),
(122,345),
(122,341),
(122,138),
(122,135),
(122,110),
(122,191),
(122,182),
(122,216),
(122,7),
(122,142),
(122,273),
(122,8),
(122,187),
(122,168),
(122,101),
(122,9),
(122,233),
(42,86),
(42,162),
(42,37),
(42,164),
(42,79),
(42,157),
(42,284),
(42,264),
(42,210),
(42,128),
(42,49),
(42,134),
(42,106),
(42,175),
(42,141),
(42,99),
(42,274),
(42,118),
(42,198),
(42,222),
(42,196),
(42,148),
(42,16),
(42,220),
(42,105),
(42,113),
(42,14),
(42,123),
(42,68),
(42,233),
(42,140),
(42,101),
(42,139),
(75,28),
(75,114),
(75,63),
(75,265),
(75,292),
(75,70),
(75,186),
(75,64),
(75,91),
(75,33),
(75,247),
(75,128),
(75,65),
(75,146),
(75,40),
(75,76),
(75,166),
(75,141),
(75,274),
(75,283),
(75,222),
(75,94),
(75,136),
(75,148),
(75,345),
(75,53),
(75,142),
(75,192),
(75,5),
(75,236),
(75,221),
(75,7),
(75,101),
(75,144),
(75,9),
(607,39),
(607,162),
(607,73),
(607,59),
(607,267),
(607,280),
(607,286),
(607,134),
(607,165),
(607,128),
(607,57),
(607,67),
(607,40),
(607,76),
(607,141),
(607,270),
(607,99),
(607,274),
(607,219),
(607,283),
(607,198),
(607,84),
(607,148),
(607,206),
(607,277),
(607,140),
(607,187),
(607,101),
(324,286),
(324,140),
(324,39),
(324,73),
(324,124),
(324,59),
(324,100),
(324,239),
(324,29),
(324,40),
(324,128),
(324,49),
(324,57),
(324,64),
(324,106),
(324,76),
(324,166),
(324,141),
(324,270),
(324,274),
(324,165),
(324,283),
(324,91),
(324,222),
(324,247),
(324,292),
(324,94),
(324,136),
(324,148),
(324,53),
(324,277),
(324,267),
(324,80),
(324,144),
(324,221),
(324,125),
(324,101),
(18,308),
(18,28),
(18,14),
(18,68),
(18,130),
(18,210),
(18,128),
(18,49),
(18,175),
(18,141),
(18,99),
(18,274),
(18,118),
(18,222),
(18,196),
(18,148),
(18,16),
(18,164),
(18,220),
(18,105),
(18,123),
(18,139),
(18,140),
(18,87),
(18,101),
(113,33),
(113,1),
(113,3),
(113,31),
(113,71),
(113,128),
(113,44),
(113,45),
(113,49),
(113,57),
(113,61),
(113,62),
(113,64),
(113,67),
(113,134),
(113,146),
(113,40),
(113,76),
(113,166),
(113,141),
(113,274),
(113,275),
(113,251),
(113,283),
(113,222),
(113,292),
(113,94),
(113,84),
(113,296),
(113,136),
(113,148),
(113,345),
(113,341),
(113,53),
(113,200),
(113,231),
(113,182),
(113,216),
(113,7),
(113,142),
(113,156),
(113,8),
(113,110),
(113,125),
(113,187),
(113,101),
(113,9),
(113,188),
(113,233),
(22,297),
(22,195),
(22,50),
(22,27),
(22,123),
(22,175),
(22,199),
(22,51),
(22,128),
(22,49),
(22,141),
(22,99),
(22,274),
(22,275),
(22,118),
(22,115),
(22,222),
(22,196),
(22,148),
(22,16),
(22,162),
(22,105),
(22,68),
(22,12),
(22,87),
(22,96),
(22,139),
(22,140),
(22,101),
(59,227),
(59,37),
(59,229),
(59,132),
(59,128),
(59,49),
(59,57),
(59,65),
(59,40),
(59,76),
(59,175),
(59,141),
(59,270),
(59,99),
(59,274),
(59,165),
(59,283),
(59,285),
(59,222),
(59,292),
(59,296),
(59,136),
(59,148),
(59,321),
(59,53),
(59,29),
(59,197),
(59,182),
(59,131),
(59,33),
(59,21),
(59,59),
(59,202),
(59,140),
(59,125),
(59,32),
(59,213),
(59,245),
(59,112),
(59,101),
(59,39),
(59,100),
(59,31),
(59,267),
(192,54),
(192,1),
(192,55),
(192,56),
(192,113),
(192,174),
(192,58),
(192,57),
(192,33),
(192,240),
(192,331),
(192,128),
(192,49),
(192,106),
(192,141),
(192,274),
(192,219),
(192,222),
(192,148),
(192,13),
(192,221),
(192,209),
(192,101),
(192,139),
(44,54),
(44,38),
(44,55),
(44,113),
(44,331),
(44,58),
(44,264),
(44,128),
(44,57),
(44,106),
(44,141),
(44,274),
(44,219),
(44,344),
(44,148),
(44,341),
(44,13),
(44,56),
(44,216),
(44,209),
(44,101),
(44,337),
(108,72),
(108,147),
(108,30),
(108,20),
(108,18),
(108,114),
(108,276),
(108,241),
(108,128),
(108,44),
(108,45),
(108,49),
(108,57),
(108,61),
(108,62),
(108,64),
(108,65),
(108,134),
(108,146),
(108,40),
(108,76),
(108,166),
(108,141),
(108,99),
(108,274),
(108,283),
(108,285),
(108,222),
(108,292),
(108,94),
(108,294),
(108,84),
(108,136),
(108,148),
(108,345),
(108,13),
(108,43),
(108,53),
(108,327),
(108,29),
(108,192),
(108,173),
(108,143),
(108,101),
(108,233),
(108,208),
(108,17),
(108,7),
(108,142),
(108,8),
(108,110),
(108,125),
(108,187),
(108,9),
(108,188),
(92,72),
(92,201),
(92,198),
(92,134),
(92,84),
(92,206),
(92,280),
(92,264),
(92,128),
(92,61),
(92,67),
(92,106),
(92,141),
(92,99),
(92,274),
(92,219),
(92,91),
(92,344),
(92,148),
(92,341),
(92,162),
(92,277),
(92,7),
(92,8),
(92,73),
(92,9),
(92,273),
(92,113),
(92,110),
(92,147),
(92,101),
(92,139),
(73,34),
(73,82),
(73,38),
(73,188),
(73,30),
(73,272),
(73,47),
(73,205),
(73,193),
(73,280),
(73,268),
(73,42),
(73,264),
(73,128),
(73,44),
(73,45),
(73,106),
(73,141),
(73,99),
(73,274),
(73,279),
(73,198),
(73,344),
(73,148),
(73,341),
(73,13),
(73,43),
(73,77),
(73,149),
(73,48),
(73,88),
(73,147),
(73,173),
(73,124),
(73,17),
(73,113),
(73,110),
(73,101),
(300,138),
(300,28),
(300,333),
(300,3),
(300,105),
(300,191),
(300,182),
(300,33),
(300,335),
(300,128),
(300,44),
(300,45),
(300,57),
(300,61),
(300,62),
(300,65),
(300,134),
(300,141),
(300,274),
(300,275),
(300,251),
(300,198),
(300,285),
(300,84),
(300,296),
(300,148),
(300,200),
(300,231),
(300,201),
(300,139),
(300,233),
(300,156),
(300,110),
(300,125),
(300,187),
(300,101),
(300,188),
(398,28),
(398,68),
(398,175),
(398,31),
(398,197),
(398,220),
(398,128),
(398,49),
(398,141),
(398,99),
(398,274),
(398,275),
(398,118),
(398,285),
(398,222),
(398,196),
(398,148),
(398,16),
(398,162),
(398,33),
(398,27),
(398,123),
(398,145),
(398,139),
(398,140),
(398,87),
(398,101),
(621,10),
(621,37),
(621,97),
(621,131),
(621,177),
(621,276),
(621,145),
(621,207),
(621,294),
(621,236),
(621,144),
(621,112),
(621,128),
(621,49),
(621,265),
(621,64),
(621,65),
(621,40),
(621,106),
(621,166),
(621,175),
(621,141),
(621,274),
(621,218),
(621,251),
(621,283),
(621,226),
(621,198),
(621,285),
(621,222),
(621,292),
(621,94),
(621,235),
(621,136),
(621,148),
(621,321),
(621,206),
(621,345),
(621,13),
(621,43),
(621,53),
(621,158),
(621,105),
(621,229),
(621,125),
(621,126),
(621,181),
(621,123),
(621,201),
(621,227),
(621,208),
(621,237),
(621,213),
(621,7),
(621,244),
(621,140),
(621,245),
(621,187),
(621,101),
(621,9),
(588,50),
(588,117),
(588,27),
(588,25),
(588,115),
(588,212),
(588,97),
(588,31),
(588,211),
(588,33),
(588,128),
(588,175),
(588,141),
(588,274),
(588,219),
(588,291),
(588,344),
(588,205),
(588,148),
(588,13),
(588,250),
(588,297),
(588,105),
(588,26),
(588,147),
(588,121),
(588,123),
(588,113),
(588,168),
(588,101),
(136,28),
(136,39),
(136,68),
(136,37),
(136,229),
(136,59),
(136,73),
(136,239),
(136,200),
(136,202),
(136,128),
(136,49),
(136,65),
(136,134),
(136,40),
(136,76),
(136,141),
(136,270),
(136,274),
(136,275),
(136,165),
(136,283),
(136,285),
(136,222),
(136,136),
(136,148),
(136,53),
(136,182),
(136,278),
(136,269),
(136,140),
(136,156),
(136,125),
(136,101),
(136,144),
(136,79),
(136,33),
(485,259),
(485,140),
(485,221),
(485,245),
(485,59),
(485,133),
(485,229),
(485,131),
(485,239),
(485,247),
(485,128),
(485,49),
(485,57),
(485,64),
(485,65),
(485,40),
(485,76),
(485,166),
(485,141),
(485,270),
(485,274),
(485,165),
(485,283),
(485,91),
(485,198),
(485,222),
(485,292),
(485,94),
(485,235),
(485,136),
(485,148),
(485,206),
(485,53),
(485,250),
(485,213),
(485,101),
(485,139),
(174,1),
(174,128),
(174,57),
(174,65),
(174,67),
(174,134),
(174,40),
(174,76),
(174,141),
(174,274),
(174,275),
(174,283),
(174,84),
(174,296),
(174,148),
(174,182),
(174,105),
(174,200),
(174,179),
(174,156),
(174,110),
(174,187),
(174,101),
(174,139),
(174,188),
(269,14),
(269,66),
(269,264),
(269,46),
(269,167),
(269,212),
(269,128),
(269,49),
(269,57),
(269,67),
(269,134),
(269,106),
(269,175),
(269,141),
(269,99),
(269,274),
(269,219),
(269,284),
(269,222),
(269,291),
(269,344),
(269,196),
(269,148),
(269,250),
(269,295),
(269,113),
(269,168),
(269,101),
(269,28),
(269,34),
(245,42),
(245,170),
(245,37),
(245,47),
(245,14),
(245,48),
(245,228),
(245,45),
(245,128),
(245,44),
(245,49),
(245,65),
(245,134),
(245,141),
(245,274),
(245,279),
(245,222),
(245,292),
(245,136),
(245,148),
(245,321),
(245,13),
(245,43),
(245,77),
(245,149),
(245,110),
(245,245),
(245,125),
(245,168),
(245,101),
(245,188),
(247,37),
(247,276),
(247,94),
(247,32),
(247,206),
(247,198),
(247,131),
(247,64),
(247,247),
(247,49),
(247,128),
(247,265),
(247,65),
(247,146),
(247,166),
(247,141),
(247,274),
(247,285),
(247,292),
(247,136),
(247,148),
(247,321),
(247,345),
(247,133),
(247,199),
(247,245),
(247,125),
(247,112),
(247,123),
(247,20),
(247,221),
(247,101),
(247,144),
(247,139),
(295,338),
(295,228),
(295,229),
(295,227),
(295,1),
(295,139),
(295,275),
(295,162),
(295,37),
(295,20),
(295,131),
(295,156),
(295,269),
(295,49),
(295,128),
(295,44),
(295,45),
(295,57),
(295,265),
(295,64),
(295,134),
(295,146),
(295,40),
(295,76),
(295,166),
(295,141),
(295,274),
(295,165),
(295,218),
(295,283),
(295,285),
(295,222),
(295,292),
(295,94),
(295,136),
(295,148),
(295,345),
(295,43),
(295,53),
(295,282),
(295,333),
(295,170),
(295,192),
(295,143),
(295,101),
(295,31),
(295,7),
(295,8),
(295,110),
(295,187),
(295,9),
(295,188),
(295,233),
(452,227),
(452,228),
(452,229),
(452,37),
(452,34),
(452,147),
(452,36),
(452,123),
(452,250),
(452,157),
(452,264),
(452,207),
(452,131),
(452,328),
(452,243),
(452,128),
(452,49),
(452,64),
(452,65),
(452,134),
(452,146),
(452,106),
(452,166),
(452,175),
(452,141),
(452,99),
(452,274),
(452,115),
(452,198),
(452,285),
(452,222),
(452,291),
(452,292),
(452,94),
(452,211),
(452,344),
(452,205),
(452,136),
(452,148),
(452,321),
(452,206),
(452,13),
(452,53),
(452,105),
(452,125),
(452,181),
(452,97),
(452,35),
(452,208),
(452,101),
(444,28),
(444,31),
(444,172),
(444,298),
(444,97),
(444,177),
(444,65),
(444,214),
(444,128),
(444,64),
(444,40),
(444,76),
(444,166),
(444,175),
(444,141),
(444,274),
(444,283),
(444,226),
(444,247),
(444,292),
(444,94),
(444,136),
(444,148),
(444,13),
(444,53),
(444,29),
(444,33),
(444,122),
(444,245),
(444,125),
(444,126),
(444,180),
(444,112),
(444,236),
(444,32),
(444,130),
(444,237),
(444,213),
(444,221),
(444,101),
(41,86),
(41,162),
(41,37),
(41,164),
(41,79),
(41,157),
(41,284),
(41,264),
(41,210),
(41,128),
(41,134),
(41,106),
(41,175),
(41,141),
(41,99),
(41,274),
(41,118),
(41,198),
(41,196),
(41,148),
(41,16),
(41,220),
(41,105),
(41,113),
(41,14),
(41,123),
(41,68),
(41,233),
(41,140),
(41,101),
(41,139),
(630,220),
(630,111),
(630,14),
(630,27),
(630,195),
(630,105),
(630,210),
(630,206),
(630,128),
(630,49),
(630,134),
(630,166),
(630,175),
(630,141),
(630,99),
(630,274),
(630,118),
(630,283),
(630,198),
(630,285),
(630,222),
(630,196),
(630,136),
(630,148),
(630,321),
(630,16),
(630,273),
(630,147),
(630,140),
(630,87),
(630,101),
(303,335),
(303,245),
(303,336),
(303,162),
(303,37),
(303,11),
(303,105),
(303,131),
(303,201),
(303,128),
(303,44),
(303,49),
(303,57),
(303,134),
(303,146),
(303,40),
(303,106),
(303,76),
(303,166),
(303,141),
(303,274),
(303,218),
(303,115),
(303,251),
(303,283),
(303,198),
(303,222),
(303,247),
(303,94),
(303,235),
(303,136),
(303,148),
(303,206),
(303,345),
(303,53),
(303,133),
(303,229),
(303,228),
(303,157),
(303,18),
(303,227),
(303,142),
(303,273),
(303,8),
(303,110),
(303,147),
(303,200),
(303,101),
(303,9),
(376,31),
(376,126),
(376,66),
(376,123),
(376,223),
(376,233),
(376,67),
(376,161),
(376,192),
(376,49),
(376,263),
(376,128),
(376,64),
(376,134),
(376,146),
(376,106),
(376,166),
(376,175),
(376,141),
(376,274),
(376,91),
(376,222),
(376,292),
(376,94),
(376,235),
(376,136),
(376,148),
(376,345),
(376,13),
(376,53),
(376,8),
(376,110),
(376,245),
(376,168),
(376,101),
(376,9),
(531,200),
(531,1),
(531,333),
(531,3),
(531,148),
(531,31),
(531,33),
(531,263),
(531,128),
(531,44),
(531,45),
(531,49),
(531,57),
(531,61),
(531,62),
(531,65),
(531,67),
(531,134),
(531,40),
(531,76),
(531,141),
(531,274),
(531,275),
(531,251),
(531,283),
(531,285),
(531,84),
(531,296),
(531,345),
(531,341),
(531,43),
(531,334),
(531,182),
(531,216),
(531,7),
(531,142),
(531,156),
(531,8),
(531,110),
(531,125),
(531,147),
(531,168),
(531,101),
(531,9),
(531,139),
(531,233),
(390,10),
(390,39),
(390,92),
(390,100),
(390,141),
(390,59),
(390,284),
(390,40),
(390,128),
(390,65),
(390,146),
(390,76),
(390,175),
(390,270),
(390,271),
(390,274),
(390,165),
(390,283),
(390,226),
(390,196),
(390,136),
(390,148),
(390,345),
(390,13),
(390,53),
(390,153),
(390,21),
(390,138),
(390,7),
(390,142),
(390,140),
(390,52),
(390,9),
(390,182),
(390,288),
(390,244),
(390,125),
(390,101),
(390,139),
(363,103),
(363,41),
(363,114),
(363,154),
(363,193),
(363,48),
(363,29),
(363,101),
(363,45),
(363,128),
(363,44),
(363,64),
(363,166),
(363,141),
(363,274),
(363,275),
(363,292),
(363,293),
(363,94),
(363,136),
(363,148),
(363,43),
(363,53),
(363,77),
(363,149),
(363,168),
(363,188),
(363,208),
(363,110),
(363,125),
(60,41),
(60,88),
(60,3),
(60,29),
(60,47),
(60,180),
(60,191),
(60,42),
(60,231),
(60,128),
(60,44),
(60,45),
(60,65),
(60,67),
(60,141),
(60,99),
(60,274),
(60,279),
(60,148),
(60,43),
(60,77),
(60,149),
(60,154),
(60,188),
(60,110),
(60,101),
(132,11),
(132,17),
(132,28),
(132,32),
(132,79),
(132,115),
(132,148),
(132,200),
(131,41),
(131,225),
(131,188),
(131,29),
(131,44),
(131,193),
(131,42),
(131,128),
(131,45),
(131,49),
(131,61),
(131,62),
(131,67),
(131,141),
(131,274),
(131,275),
(131,222),
(131,292),
(131,293),
(131,136),
(131,148),
(131,43),
(131,53),
(131,77),
(131,149),
(131,133),
(131,224),
(131,213),
(131,332),
(131,135),
(131,137),
(131,208),
(131,297),
(131,156),
(131,110),
(131,245),
(131,125),
(131,112),
(131,187),
(131,168),
(131,101),
(131,233),
(416,328),
(416,14),
(416,34),
(416,117),
(416,123),
(416,92),
(416,97),
(416,215),
(416,210),
(416,254),
(416,264),
(416,128),
(416,49),
(416,106),
(416,175),
(416,141),
(416,99),
(416,274),
(416,284),
(416,222),
(416,291),
(416,211),
(416,344),
(416,196),
(416,148),
(416,13),
(416,250),
(416,168),
(416,101),
(416,212),
(310,229),
(310,28),
(310,68),
(310,116),
(310,227),
(310,37),
(310,238),
(310,296),
(310,62),
(310,128),
(310,49),
(310,61),
(310,40),
(310,141),
(310,99),
(310,274),
(310,165),
(310,251),
(310,222),
(310,290),
(310,148),
(310,321),
(310,53),
(310,131),
(310,267),
(310,25),
(310,228),
(310,187),
(310,79),
(310,139),
(310,125),
(310,168),
(310,101),
(201,128),
(201,135),
(201,170),
(201,230),
(201,249),
(201,276),
(201,278),
(201,280),
(244,119),
(244,170),
(244,239),
(244,37),
(244,39),
(244,59),
(244,20),
(244,40),
(244,229),
(244,76),
(244,128),
(244,49),
(244,57),
(244,65),
(244,134),
(244,141),
(244,270),
(244,274),
(244,165),
(244,283),
(244,222),
(244,247),
(244,292),
(244,136),
(244,148),
(244,321),
(244,13),
(244,53),
(244,140),
(244,245),
(244,125),
(244,101),
(526,28),
(526,25),
(526,186),
(526,107),
(526,265),
(526,215),
(526,94),
(526,247),
(526,91),
(526,128),
(526,49),
(526,57),
(526,64),
(526,166),
(526,141),
(526,274),
(526,222),
(526,292),
(526,235),
(526,136),
(526,148),
(526,53),
(526,31),
(526,221),
(526,245),
(526,101),
(526,144),
(320,41),
(320,114),
(320,137),
(320,162),
(320,188),
(320,193),
(320,149),
(320,179),
(320,42),
(320,128),
(320,44),
(320,45),
(320,64),
(320,166),
(320,141),
(320,274),
(320,275),
(320,279),
(320,292),
(320,136),
(320,148),
(320,43),
(320,53),
(320,77),
(320,29),
(320,277),
(320,33),
(320,101),
(320,32),
(320,233),
(320,156),
(320,110),
(68,2),
(68,271),
(68,145),
(68,147),
(68,127),
(68,191),
(68,298),
(68,52),
(68,129),
(68,120),
(68,128),
(68,49),
(68,265),
(68,64),
(68,65),
(68,146),
(68,40),
(68,76),
(68,166),
(68,141),
(68,99),
(68,274),
(68,218),
(68,283),
(68,198),
(68,285),
(68,222),
(68,247),
(68,292),
(68,94),
(68,205),
(68,136),
(68,148),
(68,345),
(68,53),
(68,223),
(68,197),
(68,7),
(68,8),
(68,24),
(68,143),
(68,9),
(68,142),
(68,101),
(68,144),
(425,82),
(425,162),
(425,14),
(425,198),
(425,261),
(425,280),
(425,134),
(425,91),
(425,128),
(425,61),
(425,62),
(425,67),
(425,141),
(425,99),
(425,274),
(425,251),
(425,284),
(425,84),
(425,148),
(425,13),
(425,29),
(425,277),
(425,163),
(425,17),
(425,110),
(425,147),
(425,187),
(425,101),
(109,28),
(109,73),
(109,199),
(109,277),
(109,74),
(109,70),
(109,106),
(109,91),
(109,327),
(109,264),
(109,128),
(109,61),
(109,62),
(109,134),
(109,40),
(109,76),
(109,141),
(109,99),
(109,274),
(109,283),
(109,198),
(109,344),
(109,148),
(109,206),
(109,46),
(109,187),
(109,101),
(109,139),
(176,184),
(176,336),
(176,133),
(176,33),
(176,200),
(176,263),
(176,128),
(176,49),
(176,57),
(176,67),
(176,134),
(176,146),
(176,40),
(176,76),
(176,175),
(176,141),
(176,274),
(176,275),
(176,118),
(176,283),
(176,285),
(176,222),
(176,84),
(176,136),
(176,148),
(176,341),
(176,16),
(176,170),
(176,135),
(176,50),
(176,278),
(176,182),
(176,216),
(176,142),
(176,140),
(176,156),
(176,187),
(176,168),
(176,101),
(176,188),
(176,233),
(377,192),
(377,109),
(377,91),
(377,20),
(377,63),
(377,251),
(377,292),
(377,133),
(377,247),
(377,144),
(377,49),
(377,128),
(377,265),
(377,61),
(377,62),
(377,64),
(377,65),
(377,146),
(377,166),
(377,141),
(377,274),
(377,218),
(377,222),
(377,94),
(377,136),
(377,148),
(377,345),
(377,53),
(377,216),
(377,221),
(377,7),
(377,142),
(377,8),
(377,245),
(377,187),
(377,101),
(377,9),
(341,88),
(341,11),
(341,47),
(341,256),
(341,147),
(341,207),
(341,302),
(341,131),
(341,90),
(341,128),
(341,44),
(341,45),
(341,65),
(341,146),
(341,106),
(341,166),
(341,175),
(341,141),
(341,274),
(341,115),
(341,279),
(341,198),
(341,94),
(341,211),
(341,136),
(341,148),
(341,13),
(341,43),
(341,53),
(341,77),
(341,133),
(341,253),
(341,29),
(341,276),
(341,33),
(341,126),
(341,144),
(341,110),
(341,101),
(341,188),
(484,122),
(484,188),
(484,133),
(484,97),
(484,215),
(484,208),
(484,177),
(484,221),
(484,204),
(484,258),
(484,42),
(484,128),
(484,44),
(484,45),
(484,49),
(484,61),
(484,62),
(484,64),
(484,146),
(484,40),
(484,76),
(484,166),
(484,175),
(484,141),
(484,274),
(484,275),
(484,218),
(484,283),
(484,226),
(484,222),
(484,247),
(484,292),
(484,94),
(484,294),
(484,136),
(484,148),
(484,13),
(484,43),
(484,53),
(484,149),
(484,237),
(484,213),
(484,142),
(484,156),
(484,112),
(484,187),
(484,101),
(235,5),
(235,10),
(235,13),
(235,20),
(235,28),
(235,134),
(235,200),
(235,280),
(288,10),
(288,139),
(288,92),
(288,97),
(288,276),
(288,142),
(288,128),
(288,44),
(288,45),
(288,57),
(288,61),
(288,62),
(288,64),
(288,134),
(288,146),
(288,40),
(288,76),
(288,166),
(288,175),
(288,141),
(288,271),
(288,274),
(288,218),
(288,283),
(288,226),
(288,285),
(288,292),
(288,94),
(288,136),
(288,148),
(288,345),
(288,13),
(288,53),
(288,29),
(288,158),
(288,192),
(288,207),
(288,123),
(288,101),
(288,182),
(288,7),
(288,244),
(288,8),
(288,110),
(288,187),
(288,9),
(288,188),
(288,105),
(288,335),
(471,28),
(471,110),
(471,68),
(471,37),
(471,228),
(471,225),
(471,200),
(471,45),
(471,128),
(471,44),
(471,49),
(471,65),
(471,134),
(471,141),
(471,274),
(471,275),
(471,285),
(471,222),
(471,293),
(471,136),
(471,148),
(471,53),
(471,182),
(471,278),
(471,269),
(471,208),
(471,156),
(471,125),
(471,168),
(471,101),
(471,188),
(471,79),
(471,31),
(471,33),
(571,305),
(571,196),
(571,10),
(571,123),
(571,92),
(571,105),
(571,273),
(571,207),
(571,128),
(571,49),
(571,65),
(571,134),
(571,40),
(571,175),
(571,141),
(571,99),
(571,271),
(571,274),
(571,218),
(571,226),
(571,198),
(571,285),
(571,222),
(571,136),
(571,148),
(571,321),
(571,206),
(571,13),
(571,170),
(571,201),
(571,179),
(571,182),
(571,156),
(571,147),
(571,101),
(571,139),
(524,28),
(524,25),
(524,186),
(524,107),
(524,265),
(524,94),
(524,247),
(524,91),
(524,128),
(524,64),
(524,166),
(524,141),
(524,274),
(524,292),
(524,235),
(524,136),
(524,148),
(524,53),
(524,31),
(524,221),
(524,101),
(4,10),
(4,39),
(4,229),
(4,267),
(4,97),
(4,40),
(4,59),
(4,286),
(4,177),
(4,128),
(4,65),
(4,146),
(4,76),
(4,166),
(4,175),
(4,141),
(4,270),
(4,274),
(4,275),
(4,165),
(4,283),
(4,226),
(4,94),
(4,136),
(4,148),
(4,345),
(4,13),
(4,53),
(4,164),
(4,133),
(4,37),
(4,131),
(4,213),
(4,214),
(4,202),
(4,142),
(4,126),
(4,112),
(4,288),
(4,7),
(4,140),
(4,125),
(4,101),
(4,9),
(220,28),
(220,103),
(220,107),
(220,231),
(220,110),
(220,225),
(220,31),
(220,64),
(220,45),
(220,128),
(220,44),
(220,65),
(220,166),
(220,141),
(220,274),
(220,292),
(220,94),
(220,136),
(220,148),
(220,53),
(220,133),
(220,224),
(220,37),
(220,29),
(220,33),
(220,332),
(220,322),
(220,176),
(220,180),
(220,221),
(220,101),
(220,144),
(430,207),
(430,201),
(430,162),
(430,123),
(430,273),
(430,206),
(430,128),
(430,49),
(430,67),
(430,134),
(430,175),
(430,141),
(430,99),
(430,274),
(430,118),
(430,283),
(430,198),
(430,285),
(430,222),
(430,84),
(430,148),
(430,321),
(430,16),
(430,199),
(430,220),
(430,51),
(430,105),
(430,87),
(430,140),
(430,110),
(430,101),
(430,144),
(430,139),
(430,50),
(351,28),
(351,41),
(351,39),
(351,103),
(351,25),
(351,163),
(351,42),
(351,76),
(351,45),
(351,308),
(351,128),
(351,44),
(351,57),
(351,61),
(351,62),
(351,134),
(351,40),
(351,141),
(351,99),
(351,274),
(351,219),
(351,279),
(351,283),
(351,285),
(351,148),
(351,277),
(351,135),
(351,280),
(351,261),
(351,110),
(351,200),
(351,187),
(351,101),
(351,188),
(271,162),
(271,54),
(271,92),
(271,138),
(271,47),
(271,139),
(271,147),
(271,233),
(271,42),
(271,128),
(271,44),
(271,45),
(271,57),
(271,146),
(271,141),
(271,99),
(271,274),
(271,275),
(271,219),
(271,279),
(271,136),
(271,148),
(271,345),
(271,43),
(271,53),
(271,77),
(271,149),
(271,113),
(271,56),
(271,41),
(271,216),
(271,7),
(271,156),
(271,8),
(271,110),
(271,209),
(271,101),
(271,9),
(271,188),
(271,55),
(130,32),
(130,37),
(130,130),
(130,228),
(130,208),
(130,131),
(130,42),
(130,49),
(130,128),
(130,44),
(130,45),
(130,61),
(130,62),
(130,64),
(130,40),
(130,76),
(130,141),
(130,274),
(130,279),
(130,283),
(130,198),
(130,222),
(130,247),
(130,292),
(130,294),
(130,136),
(130,148),
(130,206),
(130,43),
(130,53),
(130,77),
(130,149),
(130,179),
(130,213),
(130,110),
(130,245),
(130,125),
(130,112),
(130,101),
(130,139),
(130,188),
(130,28),
(553,112),
(553,69),
(553,37),
(553,172),
(553,199),
(553,107),
(553,131),
(553,65),
(553,273),
(553,64),
(553,177),
(553,128),
(553,49),
(553,265),
(553,146),
(553,106),
(553,166),
(553,175),
(553,141),
(553,99),
(553,271),
(553,274),
(553,218),
(553,283),
(553,226),
(553,198),
(553,285),
(553,222),
(553,247),
(553,292),
(553,94),
(553,294),
(553,136),
(553,148),
(553,321),
(553,206),
(553,345),
(553,13),
(553,53),
(553,33),
(553,229),
(553,123),
(553,236),
(553,227),
(553,139),
(553,208),
(553,213),
(553,221),
(553,142),
(553,125),
(553,147),
(553,101),
(553,144),
(553,32),
(88,1),
(88,107),
(88,74),
(88,231),
(88,106),
(88,268),
(88,244),
(88,327),
(88,264),
(88,128),
(88,61),
(88,62),
(88,65),
(88,134),
(88,40),
(88,76),
(88,166),
(88,141),
(88,99),
(88,274),
(88,283),
(88,91),
(88,198),
(88,94),
(88,344),
(88,205),
(88,148),
(88,345),
(88,53),
(88,272),
(88,72),
(88,169),
(88,230),
(88,7),
(88,113),
(88,8),
(88,187),
(88,101),
(88,9),
(461,145),
(461,199),
(461,10),
(461,68),
(461,105),
(461,110),
(461,92),
(461,126),
(461,207),
(461,206),
(461,128),
(461,44),
(461,45),
(461,49),
(461,65),
(461,134),
(461,146),
(461,175),
(461,141),
(461,99),
(461,271),
(461,274),
(461,115),
(461,226),
(461,198),
(461,285),
(461,222),
(461,211),
(461,205),
(461,84),
(461,136),
(461,148),
(461,321),
(461,345),
(461,13),
(461,43),
(461,53),
(461,224),
(461,37),
(461,158),
(461,256),
(461,138),
(461,194),
(461,8),
(461,225),
(461,322),
(461,123),
(461,142),
(461,273),
(461,125),
(461,147),
(461,101),
(461,97),
(528,66),
(528,14),
(528,199),
(528,299),
(528,164),
(528,210),
(528,135),
(528,67),
(528,263),
(528,128),
(528,49),
(528,134),
(528,175),
(528,141),
(528,99),
(528,274),
(528,118),
(528,219),
(528,251),
(528,284),
(528,222),
(528,84),
(528,196),
(528,148),
(528,16),
(528,147),
(528,278),
(528,269),
(528,113),
(528,140),
(528,187),
(528,168),
(528,87),
(528,101),
(528,139),
(528,233),
(344,66),
(344,124),
(344,107),
(344,166),
(344,46),
(344,133),
(344,70),
(344,170),
(344,49),
(344,221),
(344,91),
(344,263),
(344,128),
(344,44),
(344,57),
(344,265),
(344,64),
(344,65),
(344,67),
(344,134),
(344,141),
(344,274),
(344,251),
(344,222),
(344,247),
(344,292),
(344,94),
(344,84),
(344,136),
(344,148),
(344,341),
(344,53),
(344,297),
(344,168),
(344,101),
(344,233),
(5,10),
(5,39),
(5,229),
(5,267),
(5,97),
(5,40),
(5,59),
(5,286),
(5,177),
(5,128),
(5,65),
(5,146),
(5,76),
(5,166),
(5,175),
(5,141),
(5,270),
(5,274),
(5,275),
(5,165),
(5,283),
(5,226),
(5,94),
(5,136),
(5,148),
(5,345),
(5,13),
(5,53),
(5,164),
(5,133),
(5,37),
(5,131),
(5,213),
(5,214),
(5,202),
(5,142),
(5,126),
(5,112),
(5,288),
(5,7),
(5,140),
(5,125),
(5,101),
(5,9),
(34,121),
(34,50),
(34,21),
(34,34),
(34,276),
(34,32),
(34,221),
(34,264),
(34,128),
(34,44),
(34,45),
(34,49),
(34,265),
(34,61),
(34,62),
(34,64),
(34,65),
(34,134),
(34,146),
(34,268),
(34,40),
(34,106),
(34,76),
(34,166),
(34,141),
(34,99),
(34,274),
(34,275),
(34,218),
(34,283),
(34,226),
(34,222),
(34,247),
(34,292),
(34,94),
(34,294),
(34,205),
(34,136),
(34,148),
(34,345),
(34,13),
(34,43),
(34,53),
(34,66),
(34,255),
(34,125),
(34,181),
(34,201),
(34,31),
(34,208),
(34,213),
(34,297),
(34,7),
(34,142),
(34,8),
(34,110),
(34,112),
(34,187),
(34,101),
(34,144),
(34,9),
(34,139),
(34,188),
(34,27),
(34,26),
(517,46),
(517,233),
(517,269),
(517,135),
(517,67),
(517,84),
(517,278),
(517,263),
(517,128),
(517,134),
(517,166),
(517,141),
(517,274),
(517,219),
(517,251),
(517,94),
(517,148),
(517,341),
(517,79),
(517,187),
(517,168),
(517,101),
(78,205),
(78,121),
(78,68),
(78,39),
(78,100),
(78,20),
(78,270),
(78,59),
(78,31),
(78,286),
(78,27),
(78,76),
(78,179),
(78,202),
(78,128),
(78,49),
(78,57),
(78,40),
(78,141),
(78,274),
(78,275),
(78,165),
(78,283),
(78,222),
(78,296),
(78,148),
(78,53),
(78,33),
(78,21),
(78,32),
(78,297),
(78,140),
(78,125),
(78,101),
(78,28),
(406,54),
(406,55),
(406,264),
(406,128),
(406,57),
(406,134),
(406,106),
(406,141),
(406,274),
(406,219),
(406,148),
(406,341),
(406,13),
(406,170),
(406,113),
(406,240),
(406,36),
(406,56),
(406,209),
(406,182),
(406,101),
(406,139),
(85,50),
(85,68),
(85,69),
(85,27),
(85,123),
(85,195),
(85,96),
(85,51),
(85,139),
(85,32),
(85,128),
(85,49),
(85,175),
(85,141),
(85,99),
(85,274),
(85,275),
(85,118),
(85,198),
(85,222),
(85,148),
(85,16),
(85,199),
(85,220),
(85,105),
(85,147),
(85,87),
(85,101),
(85,256),
(23,30),
(23,34),
(23,37),
(23,38),
(23,272),
(23,231),
(23,327),
(23,244),
(23,264),
(23,128),
(23,64),
(23,65),
(23,268),
(23,106),
(23,166),
(23,141),
(23,99),
(23,274),
(23,198),
(23,292),
(23,94),
(23,344),
(23,205),
(23,148),
(23,206),
(23,53),
(23,125),
(23,157),
(23,181),
(23,123),
(23,18),
(23,201),
(23,208),
(23,17),
(23,113),
(23,209),
(23,101),
(170,88),
(170,41),
(170,47),
(170,116),
(170,168),
(170,238),
(170,31),
(170,42),
(170,128),
(170,44),
(170,45),
(170,61),
(170,62),
(170,141),
(170,274),
(170,279),
(170,251),
(170,290),
(170,148),
(170,341),
(170,43),
(170,77),
(170,149),
(170,193),
(170,46),
(170,187),
(170,188),
(170,137),
(170,179),
(170,110),
(170,101),
(582,176),
(582,162),
(582,139),
(582,110),
(582,224),
(582,234),
(582,44),
(582,45),
(582,128),
(582,141),
(582,274),
(582,91),
(582,293),
(582,235),
(582,148),
(582,225),
(582,103),
(582,188),
(582,168),
(582,101),
(573,174),
(573,186),
(573,307),
(573,128),
(573,49),
(573,61),
(573,62),
(573,65),
(573,141),
(573,99),
(573,274),
(573,275),
(573,218),
(573,285),
(573,222),
(573,196),
(573,148),
(573,341),
(573,208),
(573,125),
(573,147),
(573,107),
(573,182),
(573,244),
(573,156),
(573,200),
(573,209),
(573,187),
(573,101),
(573,139),
(573,3),
(573,1),
(573,18),
(573,79),
(573,191),
(367,137),
(367,37),
(367,105),
(367,188),
(367,228),
(367,193),
(367,201),
(367,149),
(367,131),
(367,208),
(367,42),
(367,128),
(367,44),
(367,45),
(367,49),
(367,166),
(367,141),
(367,274),
(367,279),
(367,222),
(367,344),
(367,148),
(367,43),
(367,77),
(367,29),
(367,173),
(367,17),
(367,179),
(367,110),
(367,101),
(367,78),
(367,41),
(547,55),
(547,14),
(547,308),
(547,337),
(547,128),
(547,49),
(547,57),
(547,67),
(547,134),
(547,141),
(547,99),
(547,274),
(547,219),
(547,222),
(547,84),
(547,196),
(547,148),
(547,341),
(547,182),
(547,113),
(547,147),
(547,209),
(547,101),
(547,54),
(547,336),
(547,56),
(622,1),
(622,162),
(622,107),
(622,114),
(622,169),
(622,5),
(622,120),
(622,64),
(622,192),
(622,142),
(622,128),
(622,44),
(622,67),
(622,134),
(622,146),
(622,166),
(622,141),
(622,99),
(622,271),
(622,274),
(622,218),
(622,292),
(622,94),
(622,136),
(622,148),
(622,345),
(622,53),
(622,216),
(622,221),
(622,7),
(622,8),
(622,110),
(622,187),
(622,168),
(622,101),
(622,144),
(622,9),
(291,250),
(291,10),
(291,86),
(291,92),
(291,117),
(291,97),
(291,211),
(291,128),
(291,49),
(291,57),
(291,65),
(291,134),
(291,175),
(291,141),
(291,99),
(291,274),
(291,115),
(291,222),
(291,291),
(291,196),
(291,148),
(291,13),
(291,212),
(291,105),
(291,14),
(291,207),
(291,167),
(291,113),
(291,101),
(291,139),
(291,107),
(291,126),
(40,33),
(40,335),
(40,3),
(40,128),
(40,44),
(40,45),
(40,49),
(40,57),
(40,61),
(40,62),
(40,65),
(40,67),
(40,134),
(40,146),
(40,40),
(40,76),
(40,141),
(40,274),
(40,275),
(40,218),
(40,251),
(40,283),
(40,285),
(40,222),
(40,84),
(40,296),
(40,148),
(40,345),
(40,341),
(40,53),
(40,182),
(40,105),
(40,200),
(40,179),
(40,216),
(40,7),
(40,142),
(40,156),
(40,8),
(40,110),
(40,147),
(40,187),
(40,101),
(40,9),
(40,188),
(40,1),
(40,114),
(40,29),
(40,191),
(40,333),
(267,14),
(267,54),
(267,164),
(267,55),
(267,167),
(267,113),
(267,212),
(267,69),
(267,264),
(267,128),
(267,49),
(267,57),
(267,67),
(267,134),
(267,175),
(267,141),
(267,99),
(267,274),
(267,219),
(267,284),
(267,222),
(267,291),
(267,344),
(267,196),
(267,148),
(267,250),
(267,295),
(267,168),
(267,101),
(267,28),
(267,34),
(412,28),
(412,250),
(412,128),
(412,295),
(412,101),
(412,291),
(412,66),
(412,56),
(495,28),
(495,19),
(495,30),
(495,303),
(495,55),
(495,18),
(495,185),
(495,113),
(495,240),
(495,128),
(495,57),
(495,175),
(495,141),
(495,274),
(495,219),
(495,148),
(495,13),
(495,125),
(495,184),
(495,123),
(495,130),
(495,208),
(495,17),
(495,289),
(495,147),
(495,209),
(495,101),
(457,14),
(457,1),
(457,41),
(457,188),
(457,137),
(457,196),
(457,179),
(457,167),
(457,128),
(457,44),
(457,45),
(457,49),
(457,141),
(457,274),
(457,279),
(457,198),
(457,222),
(457,148),
(457,43),
(457,77),
(457,149),
(457,208),
(457,48),
(457,193),
(457,46),
(457,168),
(457,110),
(457,101),
(629,14),
(629,27),
(629,195),
(629,105),
(629,210),
(629,206),
(629,220),
(629,128),
(629,134),
(629,166),
(629,175),
(629,141),
(629,99),
(629,274),
(629,118),
(629,283),
(629,198),
(629,285),
(629,196),
(629,136),
(629,148),
(629,321),
(629,16),
(629,273),
(629,147),
(629,140),
(629,101),
(328,144),
(328,194),
(328,37),
(328,105),
(328,107),
(328,292),
(328,172),
(328,94),
(328,65),
(328,131),
(328,221),
(328,64),
(328,49),
(328,128),
(328,57),
(328,166),
(328,141),
(328,274),
(328,291),
(328,136),
(328,148),
(328,53),
(328,250),
(328,117),
(328,14),
(328,180),
(328,68),
(328,168),
(328,113),
(328,101),
(282,337),
(282,278),
(282,66),
(282,333),
(282,184),
(282,334),
(282,67),
(282,135),
(282,84),
(282,263),
(282,128),
(282,49),
(282,61),
(282,134),
(282,141),
(282,99),
(282,274),
(282,275),
(282,218),
(282,219),
(282,251),
(282,222),
(282,148),
(282,341),
(282,230),
(282,269),
(282,7),
(282,156),
(282,8),
(282,110),
(282,187),
(282,168),
(282,101),
(282,9),
(282,233),
(414,28),
(414,250),
(414,128),
(414,66),
(414,14),
(414,46),
(414,167),
(414,210),
(414,67),
(414,212),
(414,264),
(414,49),
(414,57),
(414,134),
(414,175),
(414,141),
(414,99),
(414,274),
(414,219),
(414,284),
(414,222),
(414,291),
(414,344),
(414,84),
(414,196),
(414,148),
(414,295),
(414,113),
(414,168),
(414,101),
(261,28),
(261,37),
(261,199),
(261,31),
(261,131),
(261,201),
(261,128),
(261,65),
(261,134),
(261,141),
(261,99),
(261,274),
(261,283),
(261,198),
(261,285),
(261,136),
(261,148),
(261,321),
(261,206),
(261,162),
(261,182),
(261,229),
(261,228),
(261,335),
(261,157),
(261,227),
(261,273),
(261,156),
(261,125),
(261,101),
(261,139),
(166,28),
(166,4),
(166,104),
(166,167),
(166,79),
(166,33),
(166,212),
(166,128),
(166,49),
(166,57),
(166,65),
(166,146),
(166,175),
(166,141),
(166,99),
(166,274),
(166,218),
(166,284),
(166,222),
(166,291),
(166,344),
(166,196),
(166,136),
(166,148),
(166,345),
(166,53),
(166,250),
(166,89),
(166,216),
(166,142),
(166,147),
(166,46),
(166,113),
(166,8),
(166,101),
(166,9),
(166,139),
(519,14),
(519,68),
(519,164),
(519,210),
(519,12),
(519,141),
(519,87),
(519,128),
(519,175),
(519,274),
(519,275),
(519,118),
(519,196),
(519,148),
(519,16),
(519,207),
(519,139),
(519,140),
(519,101),
(360,33),
(360,66),
(360,67),
(360,84),
(360,105),
(360,201),
(360,233),
(360,269),
(54,10),
(54,41),
(54,66),
(54,92),
(54,188),
(54,208),
(54,233),
(54,42),
(54,263),
(54,128),
(54,44),
(54,45),
(54,65),
(54,67),
(54,146),
(54,175),
(54,141),
(54,274),
(54,279),
(54,226),
(54,136),
(54,148),
(54,345),
(54,43),
(54,53),
(54,77),
(54,149),
(54,277),
(54,129),
(54,135),
(54,231),
(54,46),
(54,269),
(54,142),
(54,8),
(54,110),
(54,125),
(54,168),
(54,101),
(592,88),
(592,54),
(592,47),
(592,188),
(592,261),
(592,193),
(592,280),
(592,42),
(592,128),
(592,44),
(592,45),
(592,67),
(592,134),
(592,268),
(592,106),
(592,141),
(592,274),
(592,219),
(592,279),
(592,84),
(592,148),
(592,206),
(592,341),
(592,43),
(592,77),
(592,149),
(592,82),
(592,17),
(592,113),
(592,110),
(592,187),
(592,101),
(200,162),
(200,280),
(200,46),
(200,198),
(200,134),
(200,215),
(200,128),
(200,61),
(200,62),
(200,67),
(200,175),
(200,141),
(200,99),
(200,274),
(200,275),
(200,251),
(200,84),
(200,148),
(200,206),
(200,341),
(200,261),
(200,230),
(200,201),
(200,273),
(200,156),
(200,110),
(200,187),
(200,101),
(200,139),
(305,28),
(305,107),
(305,25),
(305,126),
(305,166),
(305,245),
(305,94),
(305,31),
(305,125),
(305,33),
(305,128),
(305,64),
(305,65),
(305,175),
(305,141),
(305,274),
(305,226),
(305,247),
(305,292),
(305,136),
(305,148),
(305,13),
(305,53),
(305,29),
(305,214),
(305,255),
(305,143),
(305,20),
(305,144),
(305,221),
(305,187),
(305,101),
(305,139),
(305,188),
(242,33),
(242,1),
(242,3),
(242,31),
(242,71),
(242,128),
(242,44),
(242,45),
(242,49),
(242,57),
(242,61),
(242,62),
(242,64),
(242,67),
(242,134),
(242,146),
(242,40),
(242,76),
(242,166),
(242,141),
(242,274),
(242,275),
(242,251),
(242,283),
(242,222),
(242,292),
(242,94),
(242,84),
(242,296),
(242,136),
(242,148),
(242,345),
(242,341),
(242,53),
(242,200),
(242,231),
(242,182),
(242,216),
(242,7),
(242,142),
(242,156),
(242,8),
(242,110),
(242,125),
(242,187),
(242,101),
(242,9),
(242,188),
(242,233),
(160,10),
(160,41),
(160,69),
(160,37),
(160,228),
(160,131),
(160,276),
(160,97),
(160,32),
(160,208),
(160,144),
(160,42),
(160,177),
(160,128),
(160,44),
(160,45),
(160,49),
(160,64),
(160,65),
(160,146),
(160,166),
(160,175),
(160,141),
(160,274),
(160,218),
(160,279),
(160,226),
(160,222),
(160,292),
(160,94),
(160,294),
(160,136),
(160,148),
(160,345),
(160,13),
(160,43),
(160,53),
(160,77),
(160,149),
(160,133),
(160,253),
(160,8),
(160,126),
(160,188),
(160,213),
(160,142),
(160,160),
(160,110),
(160,125),
(160,112),
(160,101),
(160,139),
(160,287),
(289,192),
(289,10),
(289,105),
(289,182),
(289,276),
(289,128),
(289,44),
(289,45),
(289,49),
(289,57),
(289,265),
(289,61),
(289,62),
(289,64),
(289,134),
(289,146),
(289,40),
(289,76),
(289,166),
(289,175),
(289,141),
(289,271),
(289,274),
(289,218),
(289,283),
(289,226),
(289,285),
(289,222),
(289,292),
(289,94),
(289,136),
(289,148),
(289,345),
(289,13),
(289,53),
(289,29),
(289,158),
(289,207),
(289,123),
(289,97),
(289,101),
(289,7),
(289,142),
(289,244),
(289,8),
(289,110),
(289,187),
(289,9),
(289,188),
(289,335),
(289,139),
(289,92),
(632,11),
(632,117),
(632,37),
(632,126),
(632,250),
(632,131),
(632,245),
(632,65),
(632,211),
(632,128),
(632,166),
(632,175),
(632,141),
(632,274),
(632,219),
(632,226),
(632,285),
(632,222),
(632,247),
(632,291),
(632,94),
(632,235),
(632,136),
(632,148),
(632,13),
(632,53),
(632,105),
(632,236),
(632,227),
(632,101),
(632,144),
(64,66),
(64,46),
(64,232),
(64,67),
(64,135),
(64,263),
(64,128),
(64,134),
(64,141),
(64,99),
(64,274),
(64,219),
(64,251),
(64,84),
(64,148),
(64,341),
(64,7),
(64,8),
(64,147),
(64,9),
(64,216),
(64,142),
(64,273),
(64,125),
(64,187),
(64,168),
(64,101),
(64,233),
(642,32),
(642,192),
(642,139),
(642,162),
(642,60),
(642,37),
(642,145),
(642,187),
(642,238),
(642,131),
(642,62),
(642,206),
(642,128),
(642,49),
(642,265),
(642,61),
(642,67),
(642,146),
(642,268),
(642,106),
(642,141),
(642,99),
(642,274),
(642,218),
(642,251),
(642,281),
(642,283),
(642,198),
(642,222),
(642,290),
(642,196),
(642,235),
(642,296),
(642,136),
(642,148),
(642,16),
(642,53),
(642,295),
(642,273),
(642,125),
(642,147),
(642,101),
(642,144),
(642,9),
(101,28),
(101,116),
(101,114),
(101,251),
(101,79),
(101,70),
(101,238),
(101,91),
(101,128),
(101,49),
(101,61),
(101,62),
(101,141),
(101,99),
(101,274),
(101,222),
(101,290),
(101,296),
(101,148),
(101,273),
(101,187),
(101,168),
(101,101),
(387,28),
(387,54),
(387,56),
(387,37),
(387,55),
(387,131),
(387,113),
(387,240),
(387,128),
(387,57),
(387,141),
(387,274),
(387,219),
(387,136),
(387,148),
(387,13),
(387,53),
(387,29),
(387,33),
(387,221),
(387,172),
(387,209),
(387,144),
(387,32),
(387,289),
(387,125),
(387,101),
(96,1),
(96,66),
(96,25),
(96,46),
(96,269),
(96,233),
(96,67),
(96,263),
(96,135),
(96,128),
(96,134),
(96,146),
(96,141),
(96,99),
(96,271),
(96,274),
(96,84),
(96,148),
(96,345),
(96,341),
(96,7),
(96,8),
(96,232),
(96,9),
(96,216),
(96,142),
(96,273),
(96,168),
(96,101),
(639,197),
(639,68),
(639,21),
(639,265),
(639,31),
(639,285),
(639,94),
(639,301),
(639,247),
(639,128),
(639,49),
(639,64),
(639,166),
(639,175),
(639,141),
(639,274),
(639,218),
(639,115),
(639,222),
(639,292),
(639,211),
(639,205),
(639,136),
(639,148),
(639,13),
(639,53),
(639,221),
(639,245),
(639,101),
(639,144),
(639,233),
(453,162),
(453,107),
(453,34),
(453,123),
(453,105),
(453,145),
(453,231),
(453,201),
(453,264),
(453,205),
(453,106),
(453,327),
(453,128),
(453,64),
(453,65),
(453,134),
(453,146),
(453,268),
(453,166),
(453,141),
(453,99),
(453,271),
(453,274),
(453,218),
(453,198),
(453,285),
(453,292),
(453,94),
(453,211),
(453,136),
(453,148),
(453,206),
(453,345),
(453,53),
(453,223),
(453,129),
(453,216),
(453,120),
(453,138),
(453,194),
(453,25),
(453,143),
(453,217),
(453,191),
(453,179),
(453,298),
(453,142),
(453,273),
(453,244),
(453,8),
(453,110),
(453,147),
(453,101),
(453,9),
(15,27),
(15,35),
(15,69),
(15,123),
(15,36),
(15,199),
(15,205),
(15,328),
(15,264),
(15,128),
(15,49),
(15,57),
(15,146),
(15,106),
(15,175),
(15,141),
(15,99),
(15,274),
(15,115),
(15,284),
(15,198),
(15,222),
(15,291),
(15,211),
(15,344),
(15,196),
(15,136),
(15,148),
(15,13),
(15,250),
(15,297),
(15,295),
(15,113),
(15,147),
(15,101),
(15,34),
(28,10),
(28,34),
(28,114),
(28,124),
(28,117),
(28,79),
(28,92),
(28,158),
(28,172),
(28,97),
(28,65),
(28,64),
(28,128),
(28,49),
(28,146),
(28,166),
(28,175),
(28,141),
(28,99),
(28,274),
(28,218),
(28,226),
(28,222),
(28,247),
(28,292),
(28,94),
(28,211),
(28,205),
(28,136),
(28,148),
(28,13),
(28,53),
(28,276),
(28,126),
(28,180),
(28,207),
(28,236),
(28,182),
(28,221),
(28,142),
(28,125),
(28,147),
(28,101),
(287,10),
(287,105),
(287,182),
(287,276),
(287,335),
(287,128),
(287,44),
(287,45),
(287,57),
(287,61),
(287,62),
(287,134),
(287,146),
(287,40),
(287,76),
(287,166),
(287,175),
(287,141),
(287,274),
(287,283),
(287,226),
(287,285),
(287,94),
(287,136),
(287,148),
(287,345),
(287,13),
(287,53),
(287,29),
(287,158),
(287,192),
(287,207),
(287,123),
(287,97),
(287,101),
(287,7),
(287,142),
(287,244),
(287,8),
(287,110),
(287,187),
(287,9),
(287,188),
(476,28),
(476,246),
(476,116),
(476,94),
(476,215),
(476,186),
(476,238),
(476,221),
(476,247),
(476,109),
(476,128),
(476,49),
(476,265),
(476,61),
(476,62),
(476,64),
(476,166),
(476,141),
(476,274),
(476,91),
(476,222),
(476,290),
(476,292),
(476,235),
(476,136),
(476,148),
(476,341),
(476,53),
(476,33),
(476,114),
(476,7),
(476,8),
(476,245),
(476,187),
(476,101),
(476,9),
(476,63),
(487,122),
(487,261),
(487,133),
(487,97),
(487,230),
(487,177),
(487,221),
(487,204),
(487,226),
(487,262),
(487,280),
(487,128),
(487,49),
(487,61),
(487,62),
(487,64),
(487,67),
(487,134),
(487,175),
(487,141),
(487,274),
(487,275),
(487,118),
(487,219),
(487,251),
(487,198),
(487,222),
(487,247),
(487,292),
(487,294),
(487,84),
(487,136),
(487,148),
(487,206),
(487,13),
(487,16),
(487,53),
(487,208),
(487,237),
(487,213),
(487,156),
(487,110),
(487,245),
(487,125),
(487,112),
(487,187),
(487,101),
(8,28),
(8,41),
(8,88),
(8,37),
(8,124),
(8,188),
(8,208),
(8,80),
(8,42),
(8,128),
(8,44),
(8,45),
(8,65),
(8,146),
(8,166),
(8,141),
(8,274),
(8,279),
(8,136),
(8,148),
(8,345),
(8,43),
(8,53),
(8,77),
(8,149),
(8,253),
(8,204),
(8,193),
(8,213),
(8,138),
(8,173),
(8,142),
(8,8),
(8,110),
(8,125),
(8,101),
(8,287),
(8,233),
(460,8),
(460,103),
(460,56),
(460,110),
(460,225),
(460,252),
(460,45),
(460,128),
(460,44),
(460,49),
(460,57),
(460,64),
(460,134),
(460,146),
(460,166),
(460,141),
(460,274),
(460,218),
(460,219),
(460,222),
(460,292),
(460,293),
(460,94),
(460,136),
(460,148),
(460,53),
(460,224),
(460,174),
(460,33),
(460,184),
(460,209),
(460,80),
(460,20),
(460,142),
(460,113),
(460,125),
(460,112),
(460,101),
(460,188),
(620,204),
(620,1),
(620,138),
(620,3),
(620,79),
(620,203),
(620,216),
(620,23),
(620,196),
(620,179),
(620,83),
(620,128),
(620,65),
(620,146),
(620,166),
(620,175),
(620,141),
(620,271),
(620,274),
(620,218),
(620,284),
(620,198),
(620,285),
(620,247),
(620,94),
(620,205),
(620,136),
(620,148),
(620,345),
(620,53),
(620,194),
(620,147),
(620,143),
(620,127),
(620,298),
(620,142),
(620,101),
(115,4),
(115,138),
(115,37),
(115,256),
(115,69),
(115,5),
(115,276),
(115,89),
(115,131),
(115,112),
(115,201),
(115,128),
(115,44),
(115,45),
(115,49),
(115,57),
(115,61),
(115,62),
(115,64),
(115,65),
(115,134),
(115,146),
(115,40),
(115,76),
(115,166),
(115,175),
(115,141),
(115,99),
(115,274),
(115,218),
(115,283),
(115,226),
(115,285),
(115,222),
(115,292),
(115,94),
(115,136),
(115,148),
(115,345),
(115,13),
(115,43),
(115,53),
(115,282),
(115,158),
(115,33),
(115,142),
(115,192),
(115,20),
(115,139),
(115,208),
(115,182),
(115,216),
(115,7),
(115,8),
(115,110),
(115,125),
(115,187),
(115,101),
(115,9),
(115,188),
(157,33),
(157,28),
(157,39),
(157,68),
(157,100),
(157,79),
(157,270),
(157,239),
(157,40),
(157,286),
(157,114),
(157,128),
(157,49),
(157,57),
(157,64),
(157,65),
(157,146),
(157,76),
(157,166),
(157,175),
(157,141),
(157,274),
(157,165),
(157,218),
(157,283),
(157,226),
(157,222),
(157,292),
(157,94),
(157,296),
(157,136),
(157,148),
(157,345),
(157,13),
(157,53),
(157,182),
(157,158),
(157,21),
(157,170),
(157,267),
(157,202),
(157,92),
(157,32),
(157,159),
(157,288),
(157,7),
(157,142),
(157,140),
(157,101),
(157,9),
(443,28),
(443,31),
(443,172),
(443,97),
(443,177),
(443,65),
(443,214),
(443,128),
(443,64),
(443,40),
(443,76),
(443,166),
(443,175),
(443,141),
(443,274),
(443,283),
(443,226),
(443,247),
(443,292),
(443,94),
(443,136),
(443,148),
(443,13),
(443,53),
(443,29),
(443,33),
(443,122),
(443,245),
(443,125),
(443,126),
(443,180),
(443,112),
(443,236),
(443,32),
(443,130),
(443,237),
(443,213),
(443,221),
(443,101),
(149,308),
(149,7),
(149,9),
(149,30),
(149,130),
(149,18),
(149,294),
(149,208),
(149,214),
(149,112),
(149,49),
(149,177),
(149,128),
(149,44),
(149,45),
(149,61),
(149,62),
(149,64),
(149,146),
(149,40),
(149,76),
(149,166),
(149,175),
(149,141),
(149,274),
(149,118),
(149,218),
(149,281),
(149,283),
(149,222),
(149,247),
(149,292),
(149,94),
(149,136),
(149,148),
(149,345),
(149,13),
(149,16),
(149,43),
(149,53),
(149,77),
(149,149),
(149,253),
(149,122),
(149,213),
(149,132),
(149,125),
(149,188),
(149,17),
(149,237),
(149,142),
(149,140),
(149,8),
(149,110),
(149,245),
(149,187),
(149,101),
(149,144),
(501,28),
(501,41),
(501,302),
(501,117),
(501,188),
(501,145),
(501,253),
(501,208),
(501,285),
(501,42),
(501,128),
(501,44),
(501,45),
(501,65),
(501,175),
(501,141),
(501,274),
(501,115),
(501,279),
(501,211),
(501,136),
(501,148),
(501,13),
(501,43),
(501,77),
(501,149),
(501,210),
(501,199),
(501,193),
(501,207),
(501,182),
(501,110),
(501,125),
(501,101),
(501,287),
(463,241),
(463,72),
(463,147),
(463,30),
(463,20),
(463,18),
(463,114),
(463,276),
(463,128),
(463,44),
(463,45),
(463,49),
(463,57),
(463,61),
(463,62),
(463,64),
(463,65),
(463,134),
(463,146),
(463,40),
(463,76),
(463,166),
(463,141),
(463,99),
(463,274),
(463,218),
(463,283),
(463,91),
(463,285),
(463,222),
(463,292),
(463,94),
(463,294),
(463,84),
(463,136),
(463,148),
(463,345),
(463,13),
(463,43),
(463,53),
(463,327),
(463,29),
(463,192),
(463,173),
(463,143),
(463,101),
(463,233),
(463,208),
(463,17),
(463,7),
(463,142),
(463,8),
(463,110),
(463,125),
(463,187),
(463,9),
(463,188),
(403,28),
(403,116),
(403,37),
(403,227),
(403,131),
(403,238),
(403,296),
(403,128),
(403,61),
(403,62),
(403,141),
(403,99),
(403,274),
(403,251),
(403,290),
(403,148),
(403,321),
(403,53),
(403,21),
(403,229),
(403,228),
(403,207),
(403,187),
(403,168),
(403,79),
(403,31),
(403,125),
(403,101),
(231,28),
(231,114),
(231,18),
(231,31),
(231,200),
(231,33),
(231,128),
(231,64),
(231,166),
(231,141),
(231,274),
(231,275),
(231,292),
(231,94),
(231,136),
(231,148),
(231,53),
(231,133),
(231,29),
(231,255),
(231,225),
(231,107),
(231,335),
(231,101),
(231,221),
(231,244),
(231,156),
(231,125),
(231,147),
(231,209),
(231,144),
(391,10),
(391,39),
(391,104),
(391,92),
(391,100),
(391,194),
(391,197),
(391,59),
(391,284),
(391,202),
(391,128),
(391,65),
(391,146),
(391,40),
(391,76),
(391,166),
(391,175),
(391,141),
(391,270),
(391,271),
(391,274),
(391,165),
(391,218),
(391,283),
(391,226),
(391,285),
(391,94),
(391,205),
(391,196),
(391,136),
(391,148),
(391,345),
(391,13),
(391,53),
(391,153),
(391,21),
(391,138),
(391,7),
(391,142),
(391,140),
(391,52),
(391,9),
(391,182),
(391,298),
(391,288),
(391,244),
(391,125),
(391,101),
(391,139),
(404,28),
(404,116),
(404,37),
(404,227),
(404,131),
(404,238),
(404,296),
(404,128),
(404,61),
(404,62),
(404,141),
(404,99),
(404,274),
(404,251),
(404,290),
(404,148),
(404,321),
(404,53),
(404,21),
(404,229),
(404,228),
(404,68),
(404,187),
(404,168),
(404,79),
(404,31),
(404,125),
(404,101),
(273,91),
(273,128),
(273,57),
(273,65),
(273,134),
(273,141),
(273,274),
(273,219),
(273,115),
(273,285),
(273,136),
(273,148),
(273,174),
(273,273),
(273,68),
(273,12),
(273,31),
(273,113),
(273,209),
(273,101),
(118,50),
(118,26),
(118,188),
(118,27),
(118,77),
(118,121),
(118,128),
(118,44),
(118,45),
(118,141),
(118,274),
(118,279),
(118,205),
(118,148),
(118,43),
(118,149),
(118,208),
(118,29),
(118,42),
(118,180),
(118,107),
(118,46),
(118,168),
(118,80),
(118,179),
(118,297),
(118,110),
(118,147),
(118,101),
(147,30),
(147,130),
(147,18),
(147,294),
(147,208),
(147,214),
(147,112),
(147,49),
(147,128),
(147,44),
(147,45),
(147,61),
(147,62),
(147,40),
(147,76),
(147,141),
(147,274),
(147,283),
(147,148),
(147,43),
(147,77),
(147,253),
(147,122),
(147,213),
(147,132),
(147,125),
(147,188),
(147,17),
(147,237),
(147,110),
(147,187),
(147,101),
(56,182),
(56,10),
(56,92),
(56,2),
(56,199),
(56,129),
(56,32),
(56,197),
(56,128),
(56,265),
(56,61),
(56,62),
(56,64),
(56,65),
(56,146),
(56,166),
(56,175),
(56,141),
(56,99),
(56,271),
(56,274),
(56,165),
(56,218),
(56,284),
(56,198),
(56,285),
(56,292),
(56,94),
(56,205),
(56,196),
(56,136),
(56,148),
(56,345),
(56,53),
(56,142),
(56,207),
(56,145),
(56,143),
(56,298),
(56,7),
(56,244),
(56,8),
(56,125),
(56,112),
(56,209),
(56,101),
(56,9),
(56,139),
(30,10),
(30,21),
(30,34),
(30,92),
(30,37),
(30,131),
(30,157),
(30,264),
(30,128),
(30,44),
(30,45),
(30,61),
(30,62),
(30,65),
(30,106),
(30,175),
(30,141),
(30,99),
(30,274),
(30,275),
(30,226),
(30,205),
(30,136),
(30,148),
(30,13),
(30,53),
(30,276),
(30,125),
(30,181),
(30,123),
(30,80),
(30,31),
(30,187),
(30,101),
(30,188),
(503,121),
(503,28),
(503,41),
(503,302),
(503,117),
(503,188),
(503,145),
(503,253),
(503,97),
(503,208),
(503,285),
(503,42),
(503,128),
(503,44),
(503,45),
(503,49),
(503,65),
(503,175),
(503,141),
(503,274),
(503,115),
(503,279),
(503,222),
(503,211),
(503,294),
(503,136),
(503,148),
(503,13),
(503,43),
(503,53),
(503,77),
(503,149),
(503,210),
(503,199),
(503,193),
(503,207),
(503,182),
(503,160),
(503,110),
(503,125),
(503,147),
(503,101),
(503,144),
(503,287),
(503,343),
(530,10),
(530,124),
(530,107),
(530,92),
(530,126),
(530,65),
(530,97),
(530,94),
(530,64),
(530,297),
(530,128),
(530,49),
(530,146),
(530,106),
(530,166),
(530,175),
(530,141),
(530,274),
(530,218),
(530,226),
(530,222),
(530,292),
(530,211),
(530,205),
(530,136),
(530,148),
(530,13),
(530,53),
(530,158),
(530,221),
(530,236),
(530,80),
(530,52),
(530,245),
(530,101),
(284,212),
(284,261),
(284,88),
(284,68),
(284,14),
(284,164),
(284,167),
(284,210),
(284,128),
(284,44),
(284,45),
(284,49),
(284,57),
(284,134),
(284,175),
(284,141),
(284,99),
(284,274),
(284,219),
(284,279),
(284,222),
(284,291),
(284,344),
(284,196),
(284,148),
(284,253),
(284,250),
(284,328),
(284,42),
(284,180),
(284,46),
(284,168),
(284,113),
(284,110),
(284,101),
(284,188),
(284,47),
(190,10),
(190,162),
(190,92),
(190,79),
(190,256),
(190,200),
(190,128),
(190,57),
(190,61),
(190,62),
(190,65),
(190,134),
(190,146),
(190,175),
(190,141),
(190,99),
(190,271),
(190,274),
(190,284),
(190,226),
(190,198),
(190,285),
(190,84),
(190,196),
(190,136),
(190,148),
(190,345),
(190,13),
(190,53),
(190,179),
(190,182),
(190,3),
(190,138),
(190,123),
(190,145),
(190,18),
(190,7),
(190,142),
(190,273),
(190,244),
(190,8),
(190,125),
(190,147),
(190,209),
(190,187),
(190,101),
(190,9),
(190,139),
(190,188),
(205,109),
(205,28),
(205,70),
(205,250),
(205,31),
(205,124),
(205,234),
(205,198),
(205,91),
(205,33),
(205,264),
(205,128),
(205,49),
(205,57),
(205,64),
(205,65),
(205,166),
(205,141),
(205,274),
(205,222),
(205,290),
(205,291),
(205,292),
(205,94),
(205,235),
(205,136),
(205,148),
(205,53),
(205,36),
(205,145),
(205,172),
(205,79),
(205,297),
(205,113),
(205,168),
(205,101),
(6,202),
(6,140),
(6,177),
(6,226),
(6,210),
(6,10),
(6,39),
(6,229),
(6,267),
(6,97),
(6,40),
(6,59),
(6,286),
(6,128),
(6,49),
(6,57),
(6,64),
(6,65),
(6,146),
(6,76),
(6,166),
(6,175),
(6,141),
(6,270),
(6,274),
(6,275),
(6,165),
(6,118),
(6,218),
(6,281),
(6,283),
(6,222),
(6,292),
(6,94),
(6,294),
(6,136),
(6,148),
(6,345),
(6,13),
(6,16),
(6,53),
(6,164),
(6,133),
(6,37),
(6,131),
(6,213),
(6,214),
(6,142),
(6,126),
(6,112),
(6,159),
(6,288),
(6,7),
(6,125),
(6,101),
(6,9),
(172,60),
(172,128),
(172,61),
(172,62),
(172,141),
(172,274),
(172,275),
(172,251),
(172,290),
(172,296),
(172,148),
(172,333),
(172,3),
(172,138),
(172,9),
(172,182),
(172,295),
(172,125),
(172,187),
(172,168),
(172,101),
(172,139),
(593,88),
(593,54),
(593,47),
(593,188),
(593,261),
(593,193),
(593,280),
(593,42),
(593,128),
(593,44),
(593,45),
(593,49),
(593,67),
(593,134),
(593,268),
(593,106),
(593,141),
(593,274),
(593,219),
(593,279),
(593,222),
(593,84),
(593,148),
(593,206),
(593,341),
(593,43),
(593,77),
(593,149),
(593,82),
(593,17),
(593,113),
(593,110),
(593,187),
(593,101),
(145,109),
(145,51),
(145,50),
(145,60),
(145,195),
(145,133),
(145,238),
(145,62),
(145,128),
(145,49),
(145,61),
(145,175),
(145,141),
(145,274),
(145,118),
(145,251),
(145,281),
(145,222),
(145,290),
(145,196),
(145,296),
(145,136),
(145,148),
(145,16),
(145,140),
(145,187),
(145,168),
(145,87),
(145,101),
(384,130),
(384,133),
(384,131),
(384,210),
(384,132),
(384,213),
(384,16),
(384,156),
(384,112),
(384,49),
(384,177),
(384,128),
(384,44),
(384,45),
(384,57),
(384,61),
(384,62),
(384,64),
(384,146),
(384,40),
(384,76),
(384,166),
(384,175),
(384,141),
(384,274),
(384,275),
(384,165),
(384,218),
(384,219),
(384,281),
(384,283),
(384,226),
(384,222),
(384,247),
(384,292),
(384,94),
(384,294),
(384,136),
(384,148),
(384,43),
(384,53),
(384,77),
(384,149),
(384,208),
(384,17),
(384,237),
(384,348),
(384,221),
(384,110),
(384,245),
(384,125),
(384,187),
(384,101),
(384,139),
(384,188),
(451,37),
(451,34),
(451,147),
(451,36),
(451,123),
(451,250),
(451,157),
(451,264),
(451,207),
(451,131),
(451,328),
(451,243),
(451,128),
(451,65),
(451,134),
(451,146),
(451,106),
(451,166),
(451,175),
(451,141),
(451,99),
(451,274),
(451,115),
(451,198),
(451,291),
(451,211),
(451,344),
(451,205),
(451,136),
(451,148),
(451,206),
(451,13),
(451,53),
(451,105),
(451,125),
(451,181),
(451,97),
(451,35),
(451,208),
(451,101),
(355,162),
(355,230),
(355,123),
(355,280),
(355,134),
(355,198),
(355,135),
(355,128),
(355,44),
(355,45),
(355,67),
(355,141),
(355,99),
(355,274),
(355,251),
(355,344),
(355,84),
(355,148),
(355,206),
(355,105),
(355,261),
(355,110),
(355,101),
(604,32),
(604,109),
(604,158),
(604,25),
(604,38),
(604,238),
(604,131),
(604,177),
(604,128),
(604,49),
(604,61),
(604,62),
(604,146),
(604,40),
(604,166),
(604,141),
(604,274),
(604,251),
(604,284),
(604,222),
(604,290),
(604,94),
(604,294),
(604,196),
(604,235),
(604,296),
(604,136),
(604,148),
(604,345),
(604,13),
(604,53),
(604,208),
(604,17),
(604,179),
(604,213),
(604,216),
(604,7),
(604,142),
(604,113),
(604,125),
(604,147),
(604,112),
(604,187),
(604,168),
(604,101),
(604,144),
(604,9),
(604,272),
(506,28),
(506,37),
(506,31),
(506,131),
(506,285),
(506,200),
(506,222),
(506,335),
(506,128),
(506,61),
(506,65),
(506,134),
(506,166),
(506,175),
(506,141),
(506,274),
(506,296),
(506,136),
(506,148),
(506,321),
(506,229),
(506,228),
(506,72),
(506,107),
(506,123),
(506,227),
(506,182),
(506,156),
(506,187),
(506,101),
(506,139),
(633,28),
(633,37),
(633,25),
(633,122),
(633,131),
(633,18),
(633,213),
(633,214),
(633,29),
(633,156),
(633,112),
(633,128),
(633,141),
(633,99),
(633,274),
(633,283),
(633,294),
(633,136),
(633,148),
(633,206),
(633,53),
(633,199),
(633,162),
(633,256),
(633,221),
(633,229),
(633,255),
(633,228),
(633,227),
(633,208),
(633,237),
(633,187),
(633,101),
(633,144),
(633,139),
(633,233),
(640,197),
(640,185),
(640,68),
(640,21),
(640,184),
(640,31),
(640,285),
(640,113),
(640,301),
(640,128),
(640,49),
(640,57),
(640,175),
(640,141),
(640,274),
(640,218),
(640,219),
(640,115),
(640,222),
(640,247),
(640,211),
(640,136),
(640,148),
(640,13),
(640,53),
(640,179),
(640,209),
(640,101),
(640,144),
(640,233),
(490,88),
(490,47),
(490,137),
(490,188),
(490,149),
(490,128),
(490,44),
(490,45),
(490,49),
(490,67),
(490,134),
(490,141),
(490,274),
(490,219),
(490,279),
(490,222),
(490,196),
(490,148),
(490,341),
(490,43),
(490,77),
(490,179),
(490,182),
(490,110),
(490,147),
(490,200),
(490,168),
(490,101),
(490,139),
(407,163),
(407,34),
(407,55),
(407,184),
(407,264),
(407,128),
(407,57),
(407,134),
(407,106),
(407,141),
(407,274),
(407,219),
(407,205),
(407,148),
(407,341),
(407,13),
(407,174),
(407,170),
(407,113),
(407,240),
(407,36),
(407,56),
(407,209),
(407,182),
(407,101),
(407,54),
(407,58),
(407,139),
(396,28),
(396,68),
(396,175),
(396,31),
(396,220),
(396,128),
(396,141),
(396,99),
(396,274),
(396,275),
(396,118),
(396,196),
(396,148),
(396,16),
(396,162),
(396,33),
(396,27),
(396,123),
(396,145),
(396,139),
(396,140),
(396,101),
(189,28),
(189,336),
(189,174),
(189,55),
(189,284),
(189,196),
(189,113),
(189,179),
(189,128),
(189,57),
(189,175),
(189,141),
(189,274),
(189,219),
(189,344),
(189,148),
(189,341),
(189,66),
(189,33),
(189,209),
(189,101),
(79,28),
(79,41),
(79,66),
(79,25),
(79,188),
(79,233),
(79,67),
(79,263),
(79,128),
(79,44),
(79,45),
(79,64),
(79,65),
(79,134),
(79,40),
(79,76),
(79,141),
(79,274),
(79,275),
(79,279),
(79,283),
(79,292),
(79,84),
(79,148),
(79,43),
(79,53),
(79,149),
(79,327),
(79,135),
(79,101),
(79,20),
(79,208),
(79,110),
(79,125),
(79,168),
(253,1),
(253,54),
(253,68),
(253,55),
(253,117),
(253,123),
(253,185),
(253,18),
(253,211),
(253,115),
(253,240),
(253,128),
(253,57),
(253,65),
(253,146),
(253,166),
(253,175),
(253,141),
(253,271),
(253,274),
(253,219),
(253,284),
(253,94),
(253,136),
(253,148),
(253,345),
(253,13),
(253,53),
(253,174),
(253,131),
(253,158),
(253,21),
(253,122),
(253,184),
(253,12),
(253,216),
(253,142),
(253,113),
(253,289),
(253,125),
(253,209),
(253,101),
(253,9),
(52,10),
(52,37),
(52,138),
(52,92),
(52,105),
(52,6),
(52,97),
(52,199),
(52,207),
(52,194),
(52,128),
(52,61),
(52,62),
(52,65),
(52,134),
(52,175),
(52,141),
(52,99),
(52,274),
(52,275),
(52,226),
(52,198),
(52,285),
(52,84),
(52,196),
(52,148),
(52,206),
(52,13),
(52,273),
(52,125),
(52,200),
(52,182),
(52,244),
(52,156),
(52,110),
(52,147),
(52,209),
(52,187),
(52,101),
(52,139),
(52,188),
(144,308),
(144,332),
(144,14),
(144,103),
(144,225),
(144,133),
(144,44),
(144,45),
(144,128),
(144,49),
(144,175),
(144,141),
(144,274),
(144,118),
(144,281),
(144,222),
(144,293),
(144,196),
(144,136),
(144,148),
(144,16),
(144,110),
(144,168),
(144,87),
(144,101),
(144,188),
(37,39),
(37,68),
(37,59),
(37,198),
(37,105),
(37,280),
(37,267),
(37,170),
(37,40),
(37,76),
(37,286),
(37,128),
(37,65),
(37,141),
(37,270),
(37,274),
(37,165),
(37,219),
(37,283),
(37,148),
(37,206),
(37,202),
(37,140),
(37,307),
(37,182),
(37,273),
(37,125),
(37,101),
(37,233),
(497,28),
(497,19),
(497,30),
(497,303),
(497,55),
(497,18),
(497,185),
(497,113),
(497,240),
(497,128),
(497,49),
(497,57),
(497,175),
(497,141),
(497,274),
(497,219),
(497,222),
(497,294),
(497,136),
(497,148),
(497,13),
(497,53),
(497,125),
(497,184),
(497,123),
(497,130),
(497,208),
(497,17),
(497,213),
(497,178),
(497,289),
(497,147),
(497,112),
(497,209),
(497,101),
(497,343),
(516,72),
(516,92),
(516,279),
(516,128),
(516,44),
(516,45),
(516,65),
(516,166),
(516,141),
(516,99),
(516,271),
(516,274),
(516,218),
(516,284),
(516,226),
(516,198),
(516,136),
(516,148),
(516,13),
(516,43),
(516,77),
(516,149),
(516,208),
(516,162),
(516,182),
(516,333),
(516,42),
(516,142),
(516,244),
(516,8),
(516,110),
(516,125),
(516,147),
(516,101),
(516,144),
(516,139),
(516,188),
(516,10),
(516,41),
(516,37),
(516,193),
(516,131),
(545,121),
(545,114),
(545,34),
(545,123),
(545,181),
(545,250),
(545,264),
(545,304),
(545,236),
(545,33),
(545,128),
(545,49),
(545,57),
(545,64),
(545,65),
(545,106),
(545,166),
(545,141),
(545,274),
(545,198),
(545,222),
(545,291),
(545,292),
(545,94),
(545,211),
(545,344),
(545,205),
(545,136),
(545,148),
(545,13),
(545,53),
(545,36),
(545,31),
(545,35),
(545,208),
(545,125),
(545,168),
(545,101),
(545,144),
(102,85),
(102,139),
(102,174),
(102,66),
(102,57),
(102,170),
(102,128),
(102,67),
(102,106),
(102,141),
(102,99),
(102,274),
(102,219),
(102,91),
(102,344),
(102,84),
(102,148),
(102,53),
(102,133),
(102,113),
(102,240),
(102,209),
(102,101),
(21,50),
(21,27),
(21,123),
(21,175),
(21,199),
(21,51),
(21,128),
(21,141),
(21,99),
(21,274),
(21,275),
(21,118),
(21,115),
(21,196),
(21,148),
(21,16),
(21,162),
(21,105),
(21,68),
(21,12),
(21,87),
(21,96),
(21,139),
(21,297),
(21,140),
(21,101),
(227,50),
(227,126),
(227,164),
(227,27),
(227,194),
(227,79),
(227,118),
(227,97),
(227,210),
(227,207),
(227,128),
(227,166),
(227,175),
(227,141),
(227,99),
(227,274),
(227,281),
(227,198),
(227,94),
(227,211),
(227,235),
(227,136),
(227,148),
(227,206),
(227,13),
(227,16),
(227,199),
(227,220),
(227,51),
(227,123),
(227,87),
(227,110),
(227,245),
(227,101),
(243,170),
(243,238),
(243,37),
(243,60),
(243,68),
(243,116),
(243,131),
(243,227),
(243,62),
(243,128),
(243,49),
(243,61),
(243,65),
(243,134),
(243,141),
(243,274),
(243,251),
(243,222),
(243,290),
(243,292),
(243,296),
(243,136),
(243,148),
(243,321),
(243,13),
(243,53),
(243,245),
(243,125),
(243,187),
(243,168),
(243,101),
(512,72),
(512,92),
(512,209),
(512,128),
(512,57),
(512,65),
(512,166),
(512,141),
(512,99),
(512,271),
(512,274),
(512,218),
(512,219),
(512,284),
(512,226),
(512,198),
(512,136),
(512,148),
(512,13),
(512,162),
(512,174),
(512,182),
(512,333),
(512,240),
(512,184),
(512,142),
(512,113),
(512,244),
(512,125),
(512,147),
(512,101),
(512,144),
(512,139),
(512,10),
(512,19),
(512,37),
(512,131),
(77,28),
(77,39),
(77,100),
(77,20),
(77,270),
(77,59),
(77,31),
(77,286),
(77,76),
(77,179),
(77,202),
(77,128),
(77,57),
(77,40),
(77,141),
(77,274),
(77,275),
(77,165),
(77,283),
(77,296),
(77,148),
(77,53),
(77,33),
(77,21),
(77,32),
(77,140),
(77,125),
(77,101),
(330,105),
(330,172),
(330,107),
(330,292),
(330,94),
(330,221),
(330,294),
(330,64),
(330,122),
(330,139),
(330,49),
(330,177),
(330,214),
(330,128),
(330,57),
(330,65),
(330,40),
(330,76),
(330,166),
(330,175),
(330,141),
(330,274),
(330,118),
(330,283),
(330,222),
(330,247),
(330,291),
(330,196),
(330,136),
(330,148),
(330,345),
(330,16),
(330,53),
(330,250),
(330,117),
(330,14),
(330,180),
(330,68),
(330,168),
(330,237),
(330,213),
(330,7),
(330,113),
(330,140),
(330,125),
(330,112),
(330,101),
(330,144),
(330,9),
(330,37),
(330,131),
(330,194),
(330,338),
(330,212),
(175,133),
(175,33),
(175,200),
(175,263),
(175,128),
(175,57),
(175,67),
(175,134),
(175,40),
(175,76),
(175,141),
(175,274),
(175,275),
(175,283),
(175,84),
(175,136),
(175,148),
(175,341),
(175,170),
(175,135),
(175,50),
(175,278),
(175,182),
(175,156),
(175,187),
(175,168),
(175,101),
(175,139),
(175,188),
(175,233),
(31,144),
(31,10),
(31,21),
(31,34),
(31,276),
(31,29),
(31,221),
(31,264),
(31,128),
(31,44),
(31,45),
(31,49),
(31,265),
(31,61),
(31,62),
(31,64),
(31,65),
(31,134),
(31,146),
(31,268),
(31,40),
(31,106),
(31,76),
(31,166),
(31,175),
(31,141),
(31,99),
(31,274),
(31,275),
(31,218),
(31,283),
(31,226),
(31,222),
(31,247),
(31,292),
(31,94),
(31,294),
(31,205),
(31,136),
(31,148),
(31,345),
(31,13),
(31,43),
(31,53),
(31,125),
(31,181),
(31,123),
(31,80),
(31,31),
(31,208),
(31,213),
(31,297),
(31,7),
(31,142),
(31,8),
(31,110),
(31,112),
(31,187),
(31,101),
(31,9),
(31,139),
(31,188),
(31,92),
(31,37),
(31,131),
(31,157),
(365,131),
(365,103),
(365,41),
(365,114),
(365,154),
(365,193),
(365,48),
(365,29),
(365,101),
(365,228),
(365,45),
(365,128),
(365,44),
(365,49),
(365,64),
(365,166),
(365,141),
(365,274),
(365,275),
(365,222),
(365,292),
(365,293),
(365,94),
(365,136),
(365,148),
(365,43),
(365,53),
(365,77),
(365,149),
(365,168),
(365,188),
(365,208),
(365,110),
(365,245),
(365,125),
(380,213),
(380,278),
(380,122),
(380,152),
(380,233),
(380,67),
(380,177),
(380,263),
(380,128),
(380,44),
(380,49),
(380,57),
(380,61),
(380,62),
(380,64),
(380,134),
(380,175),
(380,141),
(380,274),
(380,118),
(380,219),
(380,251),
(380,226),
(380,285),
(380,222),
(380,292),
(380,84),
(380,148),
(380,13),
(380,16),
(380,43),
(380,77),
(380,149),
(380,182),
(380,237),
(380,110),
(380,200),
(380,112),
(380,187),
(380,101),
(380,188),
(420,28),
(420,184),
(420,31),
(420,57),
(420,331),
(420,128),
(420,141),
(420,274),
(420,219),
(420,148),
(420,341),
(420,56),
(420,114),
(420,209),
(420,163),
(420,113),
(420,101),
(296,28),
(296,150),
(296,138),
(296,203),
(296,147),
(296,127),
(296,143),
(296,191),
(296,197),
(296,128),
(296,265),
(296,64),
(296,65),
(296,146),
(296,166),
(296,141),
(296,271),
(296,274),
(296,218),
(296,285),
(296,292),
(296,94),
(296,205),
(296,136),
(296,148),
(296,345),
(296,43),
(296,53),
(296,223),
(296,276),
(296,129),
(296,120),
(296,194),
(296,105),
(296,142),
(296,145),
(296,7),
(296,8),
(296,101),
(296,144),
(296,9),
(212,194),
(212,223),
(212,68),
(212,123),
(212,115),
(212,126),
(212,117),
(212,97),
(212,12),
(212,211),
(212,207),
(212,256),
(212,245),
(212,264),
(212,128),
(212,49),
(212,146),
(212,175),
(212,141),
(212,99),
(212,274),
(212,118),
(212,284),
(212,222),
(212,291),
(212,196),
(212,235),
(212,136),
(212,148),
(212,13),
(212,53),
(212,212),
(212,167),
(212,250),
(212,147),
(212,101),
(212,144),
(212,217),
(212,210),
(543,114),
(543,34),
(543,123),
(543,181),
(543,250),
(543,264),
(543,304),
(543,236),
(543,33),
(543,128),
(543,57),
(543,106),
(543,141),
(543,274),
(543,198),
(543,291),
(543,344),
(543,205),
(543,136),
(543,148),
(543,36),
(543,31),
(543,35),
(543,168),
(543,101),
(169,243),
(169,86),
(169,162),
(169,37),
(169,164),
(169,79),
(169,157),
(169,284),
(169,264),
(169,210),
(169,128),
(169,49),
(169,134),
(169,106),
(169,175),
(169,141),
(169,99),
(169,274),
(169,118),
(169,198),
(169,222),
(169,211),
(169,196),
(169,148),
(169,206),
(169,16),
(169,220),
(169,105),
(169,113),
(169,14),
(169,123),
(169,68),
(169,233),
(169,140),
(169,87),
(169,101),
(169,139),
(223,41),
(223,46),
(223,48),
(223,47),
(223,188),
(223,168),
(223,44),
(223,174),
(223,42),
(223,49),
(223,128),
(223,45),
(223,265),
(223,67),
(223,40),
(223,76),
(223,141),
(223,99),
(223,274),
(223,279),
(223,251),
(223,283),
(223,148),
(223,43),
(223,77),
(223,149),
(223,272),
(223,180),
(223,108),
(223,186),
(223,101),
(223,79),
(223,179),
(223,244),
(223,110),
(223,209),
(142,245),
(142,228),
(142,229),
(142,227),
(142,37),
(142,133),
(142,131),
(142,31),
(142,281),
(142,49),
(142,94),
(142,222),
(142,177),
(142,128),
(142,265),
(142,64),
(142,40),
(142,76),
(142,166),
(142,175),
(142,141),
(142,99),
(142,274),
(142,118),
(142,283),
(142,198),
(142,247),
(142,292),
(142,136),
(142,148),
(142,16),
(142,53),
(142,199),
(142,122),
(142,123),
(142,208),
(142,213),
(142,221),
(142,140),
(142,125),
(142,87),
(142,101),
(635,112),
(635,156),
(635,96),
(635,37),
(635,25),
(635,122),
(635,131),
(635,18),
(635,213),
(635,214),
(635,29),
(635,128),
(635,49),
(635,64),
(635,40),
(635,76),
(635,166),
(635,141),
(635,99),
(635,274),
(635,275),
(635,118),
(635,218),
(635,251),
(635,283),
(635,284),
(635,198),
(635,222),
(635,247),
(635,292),
(635,94),
(635,294),
(635,196),
(635,235),
(635,136),
(635,148),
(635,206),
(635,16),
(635,43),
(635,53),
(635,199),
(635,162),
(635,256),
(635,221),
(635,229),
(635,255),
(635,228),
(635,227),
(635,208),
(635,237),
(635,140),
(635,125),
(635,187),
(635,168),
(635,101),
(635,144),
(635,139),
(635,233),
(635,28),
(204,28),
(204,70),
(204,250),
(204,31),
(204,124),
(204,198),
(204,91),
(204,33),
(204,264),
(204,128),
(204,57),
(204,64),
(204,65),
(204,166),
(204,141),
(204,274),
(204,291),
(204,292),
(204,94),
(204,136),
(204,148),
(204,53),
(204,36),
(204,145),
(204,172),
(204,79),
(204,297),
(204,113),
(204,101),
(349,28),
(349,128),
(349,44),
(349,45),
(349,141),
(349,274),
(349,279),
(349,148),
(349,43),
(349,77),
(349,149),
(349,193),
(349,122),
(349,213),
(349,125),
(349,110),
(349,101),
(349,188),
(82,109),
(82,28),
(82,60),
(82,246),
(82,116),
(82,234),
(82,96),
(82,235),
(82,238),
(82,128),
(82,49),
(82,61),
(82,62),
(82,141),
(82,274),
(82,251),
(82,91),
(82,222),
(82,290),
(82,296),
(82,148),
(82,295),
(82,187),
(82,168),
(82,101),
(605,66),
(605,46),
(605,25),
(605,128),
(605,233),
(605,67),
(605,269),
(605,263),
(605,61),
(605,134),
(605,166),
(605,141),
(605,99),
(605,274),
(605,275),
(605,118),
(605,219),
(605,251),
(605,94),
(605,84),
(605,148),
(605,206),
(605,162),
(605,187),
(605,168),
(605,101),
(605,139),
(89,1),
(89,107),
(89,74),
(89,231),
(89,106),
(89,268),
(89,244),
(89,327),
(89,264),
(89,128),
(89,49),
(89,61),
(89,62),
(89,65),
(89,134),
(89,146),
(89,40),
(89,76),
(89,166),
(89,141),
(89,99),
(89,274),
(89,218),
(89,283),
(89,91),
(89,198),
(89,222),
(89,94),
(89,344),
(89,205),
(89,136),
(89,148),
(89,206),
(89,345),
(89,53),
(89,272),
(89,72),
(89,169),
(89,230),
(89,7),
(89,142),
(89,113),
(89,8),
(89,187),
(89,101),
(89,9),
(369,255),
(369,42),
(369,133),
(369,28),
(369,41),
(369,166),
(369,31),
(369,149),
(369,33),
(369,128),
(369,44),
(369,45),
(369,49),
(369,265),
(369,64),
(369,141),
(369,274),
(369,279),
(369,222),
(369,247),
(369,292),
(369,94),
(369,136),
(369,148),
(369,43),
(369,77),
(369,208),
(369,193),
(369,180),
(369,107),
(369,173),
(369,80),
(369,101),
(369,233),
(369,179),
(369,221),
(369,110),
(369,188),
(3,28),
(3,19),
(3,31),
(3,56),
(3,33),
(3,58),
(3,331),
(3,57),
(3,264),
(3,128),
(3,49),
(3,64),
(3,106),
(3,141),
(3,274),
(3,275),
(3,219),
(3,222),
(3,292),
(3,136),
(3,148),
(3,13),
(3,53),
(3,113),
(3,240),
(3,184),
(3,241),
(3,80),
(3,74),
(3,17),
(3,178),
(3,289),
(3,147),
(3,112),
(3,209),
(3,101),
(165,28),
(165,4),
(165,104),
(165,167),
(165,79),
(165,33),
(165,212),
(165,128),
(165,57),
(165,65),
(165,146),
(165,175),
(165,141),
(165,99),
(165,274),
(165,284),
(165,291),
(165,344),
(165,196),
(165,148),
(165,345),
(165,250),
(165,89),
(165,216),
(165,142),
(165,147),
(165,46),
(165,113),
(165,8),
(165,101),
(165,9),
(165,139),
(555,28),
(555,114),
(555,283),
(555,69),
(555,229),
(555,25),
(555,141),
(555,7),
(555,32),
(555,202),
(555,192),
(555,144),
(555,165),
(555,128),
(555,49),
(555,57),
(555,265),
(555,64),
(555,65),
(555,67),
(555,146),
(555,40),
(555,76),
(555,166),
(555,270),
(555,99),
(555,274),
(555,218),
(555,198),
(555,222),
(555,247),
(555,94),
(555,196),
(555,136),
(555,148),
(555,345),
(555,53),
(555,100),
(555,142),
(555,31),
(555,140),
(555,101),
(555,139),
(555,233),
(502,28),
(502,41),
(502,302),
(502,117),
(502,188),
(502,145),
(502,253),
(502,208),
(502,285),
(502,42),
(502,128),
(502,44),
(502,45),
(502,65),
(502,175),
(502,141),
(502,274),
(502,115),
(502,279),
(502,211),
(502,136),
(502,148),
(502,13),
(502,43),
(502,77),
(502,149),
(502,210),
(502,199),
(502,193),
(502,207),
(502,182),
(502,110),
(502,125),
(502,101),
(502,287),
(439,66),
(439,3),
(439,46),
(439,67),
(439,263),
(439,128),
(439,57),
(439,61),
(439,62),
(439,134),
(439,146),
(439,141),
(439,99),
(439,274),
(439,251),
(439,344),
(439,84),
(439,148),
(439,138),
(439,135),
(439,110),
(439,191),
(439,182),
(439,216),
(439,142),
(439,187),
(439,168),
(439,101),
(439,139),
(580,41),
(580,188),
(580,175),
(580,47),
(580,210),
(580,220),
(580,308),
(580,128),
(580,44),
(580,141),
(580,274),
(580,118),
(580,279),
(580,148),
(580,16),
(580,43),
(580,149),
(580,164),
(580,193),
(580,14),
(580,110),
(580,101),
(580,139),
(232,229),
(232,227),
(232,26),
(232,292),
(232,124),
(232,114),
(232,199),
(232,147),
(232,18),
(232,27),
(232,64),
(232,222),
(232,128),
(232,49),
(232,166),
(232,141),
(232,274),
(232,275),
(232,247),
(232,94),
(232,205),
(232,136),
(232,148),
(232,53),
(232,133),
(232,29),
(232,255),
(232,225),
(232,107),
(232,335),
(232,101),
(232,179),
(232,221),
(232,244),
(232,156),
(232,125),
(232,200),
(232,209),
(232,144),
(232,28),
(232,31),
(232,33),
(62,282),
(62,47),
(62,3),
(62,52),
(62,120),
(62,128),
(62,44),
(62,45),
(62,49),
(62,64),
(62,65),
(62,67),
(62,146),
(62,166),
(62,141),
(62,99),
(62,271),
(62,274),
(62,218),
(62,279),
(62,198),
(62,222),
(62,292),
(62,94),
(62,205),
(62,136),
(62,148),
(62,345),
(62,43),
(62,53),
(62,77),
(62,149),
(62,154),
(62,180),
(62,188),
(62,142),
(62,8),
(62,110),
(62,101),
(62,88),
(62,41),
(62,29),
(62,191),
(62,42),
(62,231),
(645,112),
(645,192),
(645,180),
(645,166),
(645,292),
(645,63),
(645,170),
(645,221),
(645,94),
(645,64),
(645,247),
(645,128),
(645,49),
(645,265),
(645,65),
(645,67),
(645,146),
(645,268),
(645,106),
(645,141),
(645,274),
(645,218),
(645,91),
(645,198),
(645,222),
(645,196),
(645,136),
(645,148),
(645,16),
(645,53),
(645,125),
(645,147),
(645,101),
(645,144),
(613,103),
(613,110),
(613,92),
(613,193),
(613,97),
(613,45),
(613,32),
(613,128),
(613,44),
(613,65),
(613,166),
(613,175),
(613,141),
(613,274),
(613,275),
(613,293),
(613,136),
(613,148),
(613,345),
(613,13),
(613,43),
(613,53),
(613,199),
(613,224),
(613,142),
(613,8),
(613,207),
(613,335),
(613,182),
(613,101),
(613,144),
(613,188),
(559,105),
(559,25),
(559,146),
(559,198),
(559,276),
(559,83),
(559,131),
(559,141),
(559,236),
(559,142),
(559,255),
(559,177),
(559,128),
(559,265),
(559,65),
(559,106),
(559,166),
(559,271),
(559,274),
(559,218),
(559,283),
(559,285),
(559,247),
(559,94),
(559,294),
(559,205),
(559,136),
(559,148),
(559,321),
(559,206),
(559,345),
(559,53),
(559,216),
(559,138),
(559,7),
(559,8),
(559,9),
(559,233),
(559,213),
(559,298),
(559,273),
(559,245),
(559,125),
(559,147),
(559,101),
(323,28),
(323,39),
(323,267),
(323,239),
(323,221),
(323,31),
(323,94),
(323,64),
(323,128),
(323,49),
(323,57),
(323,65),
(323,40),
(323,76),
(323,166),
(323,141),
(323,270),
(323,274),
(323,275),
(323,165),
(323,283),
(323,91),
(323,222),
(323,247),
(323,292),
(323,235),
(323,136),
(323,148),
(323,53),
(323,133),
(323,29),
(323,140),
(323,245),
(323,231),
(323,114),
(323,20),
(323,101),
(323,33),
(270,162),
(270,54),
(270,55),
(270,47),
(270,113),
(270,233),
(270,219),
(270,128),
(270,44),
(270,45),
(270,57),
(270,141),
(270,99),
(270,274),
(270,275),
(270,279),
(270,148),
(270,43),
(270,56),
(270,41),
(270,110),
(270,209),
(270,101),
(270,139),
(270,188),
(14,250),
(14,295),
(14,34),
(14,114),
(14,25),
(14,291),
(14,211),
(14,344),
(322,28),
(322,39),
(322,267),
(322,239),
(322,221),
(322,31),
(322,64),
(322,40),
(322,33),
(322,128),
(322,65),
(322,76),
(322,166),
(322,141),
(322,270),
(322,274),
(322,275),
(322,165),
(322,283),
(322,292),
(322,94),
(322,136),
(322,148),
(322,53),
(322,133),
(322,29),
(322,140),
(322,245),
(322,231),
(322,114),
(322,20),
(322,101),
(156,28),
(156,39),
(156,68),
(156,100),
(156,79),
(156,270),
(156,239),
(156,40),
(156,286),
(156,114),
(156,33),
(156,128),
(156,65),
(156,146),
(156,76),
(156,175),
(156,141),
(156,274),
(156,165),
(156,283),
(156,296),
(156,136),
(156,148),
(156,13),
(156,53),
(156,182),
(156,158),
(156,21),
(156,170),
(156,267),
(156,202),
(156,92),
(156,32),
(156,288),
(156,142),
(156,140),
(156,101),
(256,10),
(256,39),
(256,50),
(256,21),
(256,270),
(256,68),
(256,97),
(256,171),
(256,202),
(256,128),
(256,65),
(256,146),
(256,40),
(256,76),
(256,166),
(256,175),
(256,141),
(256,271),
(256,274),
(256,275),
(256,165),
(256,218),
(256,283),
(256,226),
(256,94),
(256,205),
(256,136),
(256,148),
(256,13),
(256,53),
(256,158),
(256,194),
(256,267),
(256,200),
(256,207),
(256,143),
(256,179),
(256,298),
(256,288),
(256,7),
(256,142),
(256,140),
(256,101),
(256,9),
(256,59),
(446,200),
(446,72),
(446,28),
(446,276),
(446,29),
(446,114),
(446,128),
(446,44),
(446,57),
(446,61),
(446,64),
(446,67),
(446,134),
(446,146),
(446,40),
(446,166),
(446,141),
(446,274),
(446,94),
(446,136),
(446,148),
(446,345),
(446,43),
(446,53),
(446,327),
(446,33),
(446,123),
(446,70),
(446,233),
(446,182),
(446,7),
(446,142),
(446,244),
(446,156),
(446,8),
(446,110),
(446,209),
(446,187),
(446,101),
(446,144),
(446,9),
(446,139),
(446,188),
(193,28),
(193,68),
(193,139),
(193,123),
(193,133),
(193,196),
(193,210),
(193,212),
(193,128),
(193,57),
(193,67),
(193,134),
(193,175),
(193,141),
(193,99),
(193,274),
(193,118),
(193,84),
(193,148),
(193,33),
(193,194),
(193,105),
(193,86),
(193,168),
(193,167),
(193,250),
(193,113),
(193,101),
(523,68),
(523,187),
(523,270),
(523,123),
(523,116),
(523,20),
(523,238),
(523,296),
(523,32),
(523,128),
(523,49),
(523,61),
(523,62),
(523,141),
(523,274),
(523,165),
(523,251),
(523,222),
(523,290),
(523,136),
(523,148),
(523,33),
(523,21),
(523,69),
(523,31),
(523,179),
(523,168),
(523,101),
(579,114),
(579,128),
(579,263),
(579,135),
(579,67),
(579,89),
(579,49),
(579,62),
(579,134),
(579,166),
(579,141),
(579,274),
(579,218),
(579,219),
(579,91),
(579,222),
(579,94),
(579,344),
(579,84),
(579,235),
(579,136),
(579,148),
(579,345),
(579,53),
(579,162),
(579,216),
(579,7),
(579,142),
(579,8),
(579,147),
(579,187),
(579,168),
(579,101),
(579,144),
(579,9),
(579,233),
(150,66),
(150,79),
(150,135),
(150,232),
(150,67),
(150,204),
(150,306),
(150,263),
(150,128),
(150,44),
(150,45),
(150,49),
(150,57),
(150,61),
(150,62),
(150,64),
(150,134),
(150,146),
(150,40),
(150,76),
(150,166),
(150,175),
(150,141),
(150,271),
(150,274),
(150,218),
(150,219),
(150,251),
(150,283),
(150,222),
(150,247),
(150,292),
(150,94),
(150,205),
(150,84),
(150,136),
(150,148),
(150,345),
(150,53),
(150,149),
(150,208),
(150,216),
(150,7),
(150,142),
(150,273),
(150,8),
(150,110),
(150,125),
(150,187),
(150,168),
(150,101),
(150,9),
(150,188),
(150,233),
(590,54),
(590,162),
(590,55),
(590,105),
(590,113),
(590,277),
(590,57),
(590,264),
(590,128),
(590,106),
(590,141),
(590,274),
(590,219),
(590,198),
(590,148),
(590,29),
(590,114),
(590,273),
(590,209),
(590,101),
(65,66),
(65,46),
(65,232),
(65,67),
(65,135),
(65,263),
(65,128),
(65,49),
(65,134),
(65,141),
(65,99),
(65,274),
(65,218),
(65,219),
(65,251),
(65,222),
(65,84),
(65,148),
(65,341),
(65,7),
(65,8),
(65,147),
(65,9),
(65,216),
(65,142),
(65,273),
(65,125),
(65,187),
(65,168),
(65,101),
(65,233),
(124,334),
(124,1),
(124,72),
(124,103),
(124,3),
(124,8),
(124,299),
(124,191),
(124,224),
(124,29),
(124,45),
(124,263),
(124,128),
(124,44),
(124,49),
(124,67),
(124,134),
(124,146),
(124,141),
(124,99),
(124,274),
(124,275),
(124,218),
(124,219),
(124,198),
(124,222),
(124,293),
(124,84),
(124,148),
(124,345),
(124,138),
(124,182),
(124,216),
(124,142),
(124,156),
(124,110),
(124,168),
(124,101),
(124,188),
(124,233),
(124,66),
(358,269),
(358,30),
(358,162),
(358,66),
(358,31),
(358,170),
(358,139),
(358,33),
(358,263),
(358,128),
(358,67),
(358,134),
(358,141),
(358,274),
(358,275),
(358,219),
(358,251),
(358,84),
(358,148),
(358,341),
(358,135),
(358,278),
(358,17),
(358,156),
(358,110),
(358,147),
(358,200),
(358,187),
(358,168),
(358,101),
(358,233),
(216,182),
(216,10),
(216,72),
(216,92),
(216,105),
(216,97),
(216,101),
(216,32),
(216,128),
(216,64),
(216,65),
(216,146),
(216,166),
(216,175),
(216,141),
(216,99),
(216,274),
(216,226),
(216,198),
(216,285),
(216,292),
(216,94),
(216,136),
(216,148),
(216,345),
(216,13),
(216,53),
(216,276),
(216,197),
(216,129),
(216,131),
(216,33),
(216,126),
(216,207),
(216,335),
(216,31),
(216,7),
(216,142),
(216,244),
(216,156),
(216,8),
(216,200),
(216,209),
(216,144),
(216,9),
(544,114),
(544,34),
(544,123),
(544,181),
(544,250),
(544,264),
(544,304),
(544,236),
(544,33),
(544,128),
(544,57),
(544,106),
(544,141),
(544,274),
(544,198),
(544,291),
(544,344),
(544,205),
(544,136),
(544,148),
(544,36),
(544,31),
(544,35),
(544,168),
(544,101),
(313,28),
(313,68),
(313,291),
(313,168),
(313,233),
(313,212),
(313,335),
(313,33),
(313,128),
(313,57),
(313,61),
(313,62),
(313,134),
(313,146),
(313,175),
(313,141),
(313,99),
(313,274),
(313,251),
(313,284),
(313,196),
(313,148),
(313,345),
(313,341),
(313,89),
(313,167),
(313,250),
(313,142),
(313,113),
(313,8),
(313,187),
(313,101),
(313,9),
(313,188),
(309,28),
(309,68),
(309,116),
(309,227),
(309,37),
(309,238),
(309,296),
(309,62),
(309,128),
(309,61),
(309,40),
(309,141),
(309,99),
(309,274),
(309,251),
(309,290),
(309,148),
(309,321),
(309,53),
(309,131),
(309,229),
(309,267),
(309,25),
(309,228),
(309,187),
(309,79),
(309,139),
(309,125),
(309,168),
(309,101),
(162,10),
(162,68),
(162,92),
(162,18),
(162,201),
(162,156),
(162,128),
(162,49),
(162,44),
(162,45),
(162,57),
(162,61),
(162,62),
(162,65),
(162,134),
(162,146),
(162,40),
(162,141),
(162,99),
(162,274),
(162,275),
(162,218),
(162,251),
(162,226),
(162,285),
(162,222),
(162,196),
(162,136),
(162,148),
(162,345),
(162,13),
(162,43),
(162,53),
(162,182),
(162,33),
(162,125),
(162,200),
(162,123),
(162,97),
(162,208),
(162,7),
(162,142),
(162,8),
(162,147),
(162,187),
(162,101),
(162,9),
(162,139),
(162,188),
(106,197),
(106,22),
(106,145),
(106,21),
(106,24),
(106,23),
(106,146),
(106,194),
(106,83),
(106,153),
(106,128),
(106,64),
(106,166),
(106,141),
(106,99),
(106,271),
(106,274),
(106,218),
(106,285),
(106,247),
(106,292),
(106,94),
(106,205),
(106,136),
(106,148),
(106,345),
(106,53),
(106,223),
(106,104),
(106,123),
(106,124),
(106,217),
(106,179),
(106,182),
(106,142),
(106,147),
(106,101),
(106,144),
(106,28),
(106,138),
(29,10),
(29,21),
(29,34),
(29,92),
(29,37),
(29,131),
(29,157),
(29,264),
(29,128),
(29,44),
(29,45),
(29,61),
(29,62),
(29,65),
(29,106),
(29,175),
(29,141),
(29,99),
(29,274),
(29,275),
(29,226),
(29,205),
(29,136),
(29,148),
(29,13),
(29,53),
(29,276),
(29,125),
(29,181),
(29,123),
(29,80),
(29,31),
(29,187),
(29,101),
(29,188),
(527,66),
(527,14),
(527,199),
(527,299),
(527,164),
(527,210),
(527,135),
(527,67),
(527,263),
(527,128),
(527,134),
(527,175),
(527,141),
(527,99),
(527,274),
(527,118),
(527,219),
(527,251),
(527,284),
(527,84),
(527,196),
(527,148),
(527,16),
(527,278),
(527,269),
(527,113),
(527,140),
(527,147),
(527,187),
(527,168),
(527,101),
(527,139),
(527,233),
(50,10),
(50,162),
(50,107),
(50,292),
(50,201),
(50,231),
(50,221),
(50,65),
(50,97),
(50,64),
(50,128),
(50,106),
(50,166),
(50,175),
(50,141),
(50,99),
(50,274),
(50,275),
(50,226),
(50,94),
(50,136),
(50,148),
(50,13),
(50,133),
(50,105),
(50,25),
(50,123),
(50,139),
(50,101),
(61,41),
(61,88),
(61,3),
(61,29),
(61,47),
(61,180),
(61,191),
(61,42),
(61,231),
(61,128),
(61,44),
(61,45),
(61,64),
(61,65),
(61,67),
(61,146),
(61,141),
(61,99),
(61,274),
(61,279),
(61,292),
(61,136),
(61,148),
(61,345),
(61,43),
(61,53),
(61,77),
(61,149),
(61,154),
(61,188),
(61,142),
(61,8),
(61,110),
(61,101),
(334,87),
(334,195),
(334,50),
(334,162),
(334,27),
(334,333),
(334,274),
(334,31),
(334,122),
(334,213),
(334,337),
(334,177),
(334,128),
(334,44),
(334,49),
(334,57),
(334,64),
(334,40),
(334,76),
(334,175),
(334,141),
(334,99),
(334,275),
(334,118),
(334,283),
(334,222),
(334,292),
(334,84),
(334,136),
(334,148),
(334,341),
(334,16),
(334,214),
(334,156),
(334,123),
(334,69),
(334,237),
(334,140),
(334,125),
(334,112),
(334,101),
(334,139),
(123,217),
(123,68),
(123,123),
(123,115),
(123,117),
(123,97),
(123,12),
(123,211),
(123,207),
(123,256),
(123,210),
(123,194),
(123,128),
(123,49),
(123,146),
(123,175),
(123,141),
(123,99),
(123,274),
(123,118),
(123,222),
(123,291),
(123,196),
(123,136),
(123,148),
(123,13),
(123,212),
(123,167),
(123,250),
(123,147),
(123,101),
(447,68),
(447,194),
(447,203),
(447,128),
(447,64),
(447,65),
(447,146),
(447,166),
(447,141),
(447,271),
(447,274),
(447,218),
(447,226),
(447,198),
(447,285),
(447,292),
(447,94),
(447,205),
(447,136),
(447,148),
(447,345),
(447,53),
(447,37),
(447,153),
(447,223),
(447,282),
(447,129),
(447,131),
(447,83),
(447,171),
(447,217),
(447,216),
(447,298),
(447,142),
(447,8),
(447,125),
(447,101),
(447,9),
(447,233),
(95,28),
(95,17),
(95,63),
(95,166),
(95,69),
(95,265),
(95,122),
(95,18),
(95,94),
(95,172),
(95,125),
(95,65),
(95,247),
(95,33),
(95,128),
(95,64),
(95,141),
(95,274),
(95,91),
(95,198),
(95,292),
(95,294),
(95,235),
(95,136),
(95,148),
(95,53),
(95,186),
(95,236),
(95,114),
(95,213),
(95,221),
(95,245),
(95,101),
(319,207),
(319,194),
(319,37),
(319,69),
(319,253),
(319,199),
(319,228),
(319,97),
(319,157),
(319,131),
(319,80),
(319,128),
(319,44),
(319,45),
(319,49),
(319,64),
(319,166),
(319,141),
(319,99),
(319,274),
(319,279),
(319,198),
(319,285),
(319,222),
(319,292),
(319,205),
(319,136),
(319,148),
(319,321),
(319,206),
(319,43),
(319,53),
(319,77),
(319,149),
(319,133),
(319,193),
(319,33),
(319,42),
(319,79),
(319,32),
(319,179),
(319,110),
(319,101),
(319,139),
(319,188),
(319,233),
(319,31),
(316,1),
(316,74),
(316,272),
(316,106),
(316,327),
(316,244),
(316,264),
(316,128),
(316,44),
(316,57),
(316,134),
(316,268),
(316,141),
(316,274),
(316,91),
(316,344),
(316,84),
(316,136),
(316,148),
(316,345),
(316,53),
(316,107),
(316,73),
(316,7),
(316,113),
(316,8),
(316,209),
(316,187),
(316,101),
(316,9),
(316,188),
(481,66),
(481,79),
(481,135),
(481,170),
(481,263),
(481,128),
(481,44),
(481,45),
(481,49),
(481,61),
(481,62),
(481,67),
(481,134),
(481,141),
(481,274),
(481,219),
(481,251),
(481,284),
(481,222),
(481,84),
(481,196),
(481,148),
(481,345),
(481,341),
(481,7),
(481,8),
(481,125),
(481,147),
(481,187),
(481,168),
(481,101),
(481,9),
(481,188),
(481,233),
(153,28),
(153,56),
(153,184),
(153,29),
(153,57),
(153,128),
(153,141),
(153,274),
(153,275),
(153,219),
(153,136),
(153,148),
(153,13),
(153,53),
(153,133),
(153,240),
(153,19),
(153,113),
(153,289),
(153,125),
(153,209),
(153,101),
(285,54),
(285,28),
(285,55),
(285,25),
(285,113),
(285,209),
(285,264),
(285,128),
(285,57),
(285,106),
(285,141),
(285,274),
(285,219),
(285,115),
(285,148),
(285,174),
(285,216),
(285,142),
(285,191),
(285,101),
(648,274),
(648,68),
(648,66),
(648,284),
(648,46),
(648,275),
(648,196),
(648,191),
(648,67),
(648,156),
(648,197),
(648,263),
(648,128),
(648,49),
(648,61),
(648,62),
(648,134),
(648,146),
(648,141),
(648,271),
(648,218),
(648,219),
(648,251),
(648,226),
(648,198),
(648,285),
(648,222),
(648,247),
(648,84),
(648,136),
(648,148),
(648,345),
(648,341),
(648,53),
(648,182),
(648,216),
(648,298),
(648,7),
(648,142),
(648,8),
(648,147),
(648,200),
(648,313),
(648,187),
(648,168),
(648,101),
(648,9),
(648,139),
(648,233),
(431,138),
(431,10),
(431,105),
(431,92),
(431,97),
(431,201),
(431,335),
(431,128),
(431,61),
(431,62),
(431,65),
(431,134),
(431,175),
(431,141),
(431,99),
(431,274),
(431,275),
(431,226),
(431,198),
(431,285),
(431,84),
(431,196),
(431,148),
(431,13),
(431,199),
(431,37),
(431,200),
(431,68),
(431,191),
(431,182),
(431,273),
(431,156),
(431,125),
(431,147),
(431,187),
(431,101),
(431,188),
(112,26),
(112,27),
(112,265),
(112,20),
(112,292),
(112,276),
(112,186),
(112,297),
(112,31),
(112,247),
(112,192),
(112,64),
(112,121),
(112,128),
(112,44),
(112,45),
(112,49),
(112,61),
(112,62),
(112,65),
(112,146),
(112,40),
(112,76),
(112,166),
(112,141),
(112,99),
(112,274),
(112,218),
(112,283),
(112,226),
(112,198),
(112,222),
(112,94),
(112,294),
(112,205),
(112,136),
(112,148),
(112,345),
(112,13),
(112,43),
(112,53),
(112,131),
(112,158),
(112,214),
(112,229),
(112,228),
(112,125),
(112,236),
(112,80),
(112,227),
(112,208),
(112,213),
(112,221),
(112,7),
(112,142),
(112,8),
(112,110),
(112,112),
(112,187),
(112,101),
(112,144),
(112,9),
(112,139),
(574,1),
(574,66),
(574,3),
(574,46),
(574,105),
(574,263),
(574,135),
(574,67),
(574,128),
(574,61),
(574,134),
(574,166),
(574,141),
(574,99),
(574,274),
(574,219),
(574,251),
(574,198),
(574,94),
(574,84),
(574,148),
(574,206),
(574,139),
(574,182),
(574,273),
(574,187),
(574,168),
(574,101),
(574,233),
(306,28),
(306,107),
(306,25),
(306,126),
(306,166),
(306,245),
(306,94),
(306,31),
(306,125),
(306,33),
(306,177),
(306,128),
(306,44),
(306,45),
(306,49),
(306,57),
(306,265),
(306,61),
(306,62),
(306,64),
(306,65),
(306,146),
(306,40),
(306,76),
(306,175),
(306,141),
(306,274),
(306,218),
(306,283),
(306,226),
(306,198),
(306,222),
(306,247),
(306,292),
(306,294),
(306,235),
(306,136),
(306,148),
(306,206),
(306,345),
(306,13),
(306,43),
(306,53),
(306,29),
(306,214),
(306,255),
(306,143),
(306,20),
(306,144),
(306,208),
(306,213),
(306,221),
(306,7),
(306,142),
(306,8),
(306,110),
(306,112),
(306,187),
(306,101),
(306,9),
(306,139),
(306,188),
(433,30),
(433,162),
(433,66),
(433,200),
(433,139),
(433,263),
(433,128),
(433,67),
(433,134),
(433,141),
(433,274),
(433,275),
(433,251),
(433,84),
(433,148),
(433,341),
(433,135),
(433,278),
(433,17),
(433,156),
(433,110),
(433,147),
(433,187),
(433,168),
(433,101),
(433,233),
(617,339),
(617,86),
(617,272),
(617,68),
(617,291),
(617,55),
(617,79),
(617,113),
(617,196),
(617,212),
(617,264),
(617,128),
(617,49),
(617,106),
(617,141),
(617,274),
(617,218),
(617,219),
(617,222),
(617,344),
(617,148),
(617,33),
(617,194),
(617,107),
(617,123),
(617,250),
(617,147),
(617,168),
(617,101),
(617,38),
(617,29),
(107,197),
(107,142),
(107,145),
(107,4),
(107,123),
(107,104),
(107,223),
(107,194),
(107,217),
(107,9),
(107,8),
(107,7),
(107,171),
(107,5),
(107,128),
(107,64),
(107,146),
(107,166),
(107,141),
(107,99),
(107,271),
(107,274),
(107,218),
(107,285),
(107,247),
(107,292),
(107,94),
(107,136),
(107,148),
(107,345),
(107,53),
(107,83),
(107,124),
(107,182),
(107,216),
(107,101),
(107,28),
(107,138),
(381,213),
(381,278),
(381,122),
(381,151),
(381,233),
(381,67),
(381,177),
(381,263),
(381,128),
(381,44),
(381,49),
(381,57),
(381,61),
(381,62),
(381,64),
(381,134),
(381,175),
(381,141),
(381,274),
(381,118),
(381,219),
(381,251),
(381,226),
(381,285),
(381,222),
(381,292),
(381,84),
(381,148),
(381,13),
(381,16),
(381,43),
(381,77),
(381,149),
(381,237),
(381,110),
(381,200),
(381,112),
(381,187),
(381,101),
(381,188),
(508,228),
(508,229),
(508,227),
(508,28),
(508,37),
(508,31),
(508,131),
(508,285),
(508,200),
(508,222),
(508,335),
(508,128),
(508,49),
(508,61),
(508,62),
(508,65),
(508,134),
(508,166),
(508,175),
(508,141),
(508,274),
(508,198),
(508,296),
(508,136),
(508,148),
(508,321),
(508,43),
(508,53),
(508,72),
(508,107),
(508,123),
(508,182),
(508,156),
(508,245),
(508,187),
(508,101),
(508,144),
(508,139),
(419,228),
(419,131),
(419,68),
(419,41),
(419,123),
(419,79),
(419,253),
(419,256),
(419,137),
(419,12),
(419,208),
(419,42),
(419,128),
(419,44),
(419,45),
(419,49),
(419,65),
(419,146),
(419,166),
(419,141),
(419,274),
(419,275),
(419,218),
(419,279),
(419,198),
(419,222),
(419,136),
(419,148),
(419,345),
(419,43),
(419,53),
(419,77),
(419,149),
(419,3),
(419,117),
(419,92),
(419,25),
(419,107),
(419,97),
(419,307),
(419,142),
(419,8),
(419,110),
(419,125),
(419,101),
(419,188),
(233,109),
(233,28),
(233,46),
(233,168),
(233,238),
(233,96),
(233,49),
(233,263),
(233,128),
(233,44),
(233,45),
(233,57),
(233,61),
(233,62),
(233,67),
(233,134),
(233,175),
(233,141),
(233,99),
(233,274),
(233,251),
(233,222),
(233,84),
(233,148),
(233,295),
(233,273),
(233,110),
(233,125),
(233,200),
(233,187),
(233,101),
(233,233),
(301,138),
(301,3),
(301,128),
(301,44),
(301,45),
(301,49),
(301,57),
(301,61),
(301,62),
(301,65),
(301,134),
(301,141),
(301,274),
(301,275),
(301,251),
(301,198),
(301,285),
(301,222),
(301,84),
(301,296),
(301,136),
(301,148),
(301,53),
(301,200),
(301,231),
(301,201),
(301,139),
(301,233),
(301,182),
(301,156),
(301,110),
(301,125),
(301,187),
(301,101),
(301,188),
(301,28),
(301,105),
(301,191),
(301,33),
(301,335),
(392,202),
(392,10),
(392,39),
(392,104),
(392,92),
(392,100),
(392,194),
(392,197),
(392,59),
(392,284),
(392,128),
(392,49),
(392,57),
(392,64),
(392,65),
(392,146),
(392,40),
(392,76),
(392,166),
(392,175),
(392,141),
(392,270),
(392,271),
(392,274),
(392,165),
(392,218),
(392,283),
(392,226),
(392,285),
(392,222),
(392,247),
(392,292),
(392,94),
(392,205),
(392,196),
(392,136),
(392,148),
(392,345),
(392,13),
(392,53),
(392,153),
(392,21),
(392,138),
(392,7),
(392,142),
(392,140),
(392,52),
(392,9),
(392,159),
(392,288),
(392,101),
(392,182),
(392,298),
(392,125),
(392,244),
(392,139),
(548,54),
(548,55),
(548,184),
(548,113),
(548,219),
(548,240),
(548,128),
(548,57),
(548,141),
(548,274),
(548,84),
(548,148),
(548,13),
(548,182),
(548,209),
(548,101),
(199,215),
(199,128),
(199,28),
(199,41),
(199,66),
(199,25),
(199,188),
(199,233),
(199,67),
(199,263),
(199,44),
(199,45),
(199,49),
(199,64),
(199,65),
(199,134),
(199,146),
(199,40),
(199,76),
(199,141),
(199,274),
(199,275),
(199,218),
(199,279),
(199,283),
(199,222),
(199,292),
(199,294),
(199,84),
(199,136),
(199,148),
(199,345),
(199,43),
(199,53),
(199,149),
(199,327),
(199,135),
(199,101),
(199,20),
(199,208),
(199,216),
(199,142),
(199,273),
(199,8),
(199,110),
(199,125),
(199,168),
(623,329),
(623,142),
(623,1),
(623,162),
(623,107),
(623,114),
(623,169),
(623,5),
(623,120),
(623,64),
(623,192),
(623,128),
(623,44),
(623,49),
(623,57),
(623,61),
(623,67),
(623,134),
(623,146),
(623,166),
(623,141),
(623,99),
(623,271),
(623,274),
(623,218),
(623,251),
(623,222),
(623,247),
(623,292),
(623,94),
(623,235),
(623,136),
(623,148),
(623,345),
(623,16),
(623,53),
(623,216),
(623,221),
(623,7),
(623,8),
(623,110),
(623,187),
(623,168),
(623,101),
(623,144),
(623,9),
(623,233),
(518,46),
(518,263),
(518,128),
(518,49),
(518,67),
(518,134),
(518,166),
(518,141),
(518,274),
(518,219),
(518,251),
(518,222),
(518,94),
(518,84),
(518,148),
(518,341),
(518,79),
(518,187),
(518,168),
(518,101),
(518,233),
(126,73),
(126,39),
(126,105),
(126,59),
(126,277),
(126,267),
(126,7),
(126,239),
(126,40),
(126,76),
(126,128),
(126,49),
(126,67),
(126,146),
(126,141),
(126,270),
(126,99),
(126,271),
(126,274),
(126,165),
(126,218),
(126,283),
(126,222),
(126,136),
(126,148),
(126,345),
(126,53),
(126,327),
(126,129),
(126,120),
(126,202),
(126,125),
(126,2),
(126,104),
(126,5),
(126,9),
(126,182),
(126,298),
(126,142),
(126,140),
(126,101),
(569,1),
(569,272),
(569,3),
(569,74),
(569,29),
(569,106),
(569,277),
(569,327),
(569,244),
(569,91),
(569,264),
(569,128),
(569,49),
(569,57),
(569,265),
(569,61),
(569,67),
(569,268),
(569,141),
(569,99),
(569,274),
(569,218),
(569,198),
(569,222),
(569,344),
(569,148),
(569,206),
(569,186),
(569,114),
(569,70),
(569,216),
(569,113),
(569,209),
(569,101),
(569,31),
(72,34),
(72,82),
(72,38),
(72,188),
(72,30),
(72,272),
(72,47),
(72,205),
(72,193),
(72,280),
(72,268),
(72,42),
(72,264),
(72,128),
(72,44),
(72,45),
(72,106),
(72,141),
(72,99),
(72,274),
(72,279),
(72,198),
(72,344),
(72,148),
(72,341),
(72,13),
(72,43),
(72,77),
(72,149),
(72,48),
(72,88),
(72,147),
(72,173),
(72,124),
(72,17),
(72,113),
(72,110),
(72,101),
(317,244),
(317,1),
(317,74),
(317,272),
(317,29),
(317,106),
(317,327),
(317,264),
(317,128),
(317,44),
(317,49),
(317,57),
(317,64),
(317,134),
(317,268),
(317,141),
(317,274),
(317,91),
(317,222),
(317,292),
(317,344),
(317,84),
(317,136),
(317,148),
(317,345),
(317,53),
(317,107),
(317,73),
(317,7),
(317,113),
(317,8),
(317,209),
(317,187),
(317,101),
(317,9),
(317,188),
(105,75),
(105,25),
(105,93),
(105,69),
(105,115),
(105,32),
(105,111),
(105,33),
(105,285),
(105,128),
(105,44),
(105,45),
(105,49),
(105,265),
(105,64),
(105,65),
(105,146),
(105,40),
(105,76),
(105,166),
(105,175),
(105,141),
(105,99),
(105,274),
(105,275),
(105,218),
(105,283),
(105,222),
(105,247),
(105,292),
(105,94),
(105,136),
(105,148),
(105,345),
(105,53),
(105,133),
(105,276),
(105,21),
(105,245),
(105,80),
(105,221),
(105,7),
(105,142),
(105,110),
(105,125),
(105,147),
(105,112),
(105,101),
(105,9),
(105,139),
(541,28),
(541,250),
(541,56),
(541,128),
(541,57),
(541,141),
(541,274),
(541,219),
(541,198),
(541,291),
(541,84),
(541,148),
(541,13),
(541,210),
(541,12),
(541,167),
(541,295),
(541,113),
(541,209),
(541,168),
(541,101),
(541,212),
(542,115),
(542,28),
(542,250),
(542,56),
(542,291),
(542,97),
(542,328),
(542,185),
(542,211),
(542,240),
(542,128),
(542,49),
(542,57),
(542,175),
(542,141),
(542,274),
(542,118),
(542,219),
(542,226),
(542,198),
(542,285),
(542,222),
(542,205),
(542,84),
(542,148),
(542,13),
(542,210),
(542,12),
(542,167),
(542,295),
(542,113),
(542,147),
(542,209),
(542,168),
(542,101),
(542,212),
(91,42),
(91,48),
(91,81),
(91,322),
(91,128),
(91,44),
(91,45),
(91,49),
(91,141),
(91,274),
(91,91),
(91,198),
(91,222),
(91,293),
(91,205),
(91,148),
(91,43),
(91,149),
(91,176),
(91,186),
(91,31),
(91,35),
(91,110),
(91,168),
(91,101),
(91,188),
(91,28),
(91,78),
(91,225),
(91,302),
(91,137),
(91,193),
(424,10),
(424,162),
(424,92),
(424,79),
(424,256),
(424,200),
(424,128),
(424,49),
(424,57),
(424,61),
(424,62),
(424,65),
(424,134),
(424,146),
(424,175),
(424,141),
(424,99),
(424,271),
(424,274),
(424,284),
(424,226),
(424,198),
(424,285),
(424,222),
(424,84),
(424,196),
(424,136),
(424,148),
(424,345),
(424,13),
(424,53),
(424,179),
(424,182),
(424,3),
(424,138),
(424,123),
(424,145),
(424,18),
(424,7),
(424,142),
(424,273),
(424,244),
(424,8),
(424,125),
(424,147),
(424,209),
(424,187),
(424,101),
(424,9),
(424,139),
(424,188),
(286,54),
(286,28),
(286,55),
(286,25),
(286,194),
(286,104),
(286,203),
(286,171),
(286,209),
(286,120),
(286,264),
(286,128),
(286,49),
(286,57),
(286,146),
(286,106),
(286,166),
(286,141),
(286,271),
(286,274),
(286,218),
(286,219),
(286,115),
(286,285),
(286,222),
(286,247),
(286,94),
(286,136),
(286,148),
(286,345),
(286,13),
(286,53),
(286,174),
(286,216),
(286,142),
(286,191),
(286,113),
(286,125),
(286,101),
(286,144),
(286,9),
(540,28),
(540,250),
(540,56),
(540,291),
(540,212),
(540,128),
(540,57),
(540,141),
(540,274),
(540,219),
(540,198),
(540,84),
(540,148),
(540,13),
(540,210),
(540,12),
(540,167),
(540,295),
(540,113),
(540,209),
(540,168),
(540,101),
(347,10),
(347,41),
(347,117),
(347,265),
(347,126),
(347,133),
(347,250),
(347,193),
(347,97),
(347,158),
(347,211),
(347,186),
(347,128),
(347,65),
(347,146),
(347,166),
(347,175),
(347,141),
(347,274),
(347,115),
(347,291),
(347,94),
(347,136),
(347,148),
(347,13),
(347,253),
(347,243),
(347,147),
(347,124),
(347,188),
(347,221),
(347,101),
(312,342),
(312,68),
(312,116),
(312,79),
(312,238),
(312,62),
(312,128),
(312,61),
(312,141),
(312,274),
(312,275),
(312,251),
(312,290),
(312,296),
(312,148),
(312,295),
(312,125),
(312,200),
(312,187),
(312,168),
(312,101),
(312,9),
(312,139),
(634,256),
(634,37),
(634,25),
(634,122),
(634,131),
(634,18),
(634,213),
(634,214),
(634,29),
(634,156),
(634,112),
(634,128),
(634,141),
(634,99),
(634,274),
(634,283),
(634,294),
(634,136),
(634,148),
(634,206),
(634,53),
(634,199),
(634,162),
(634,221),
(634,229),
(634,255),
(634,228),
(634,227),
(634,208),
(634,237),
(634,187),
(634,101),
(634,144),
(634,139),
(634,233),
(634,28),
(532,1),
(532,63),
(532,191),
(532,276),
(532,94),
(532,120),
(532,192),
(532,247),
(532,142),
(532,144),
(532,128),
(532,265),
(532,65),
(532,146),
(532,166),
(532,141),
(532,271),
(532,274),
(532,218),
(532,198),
(532,285),
(532,205),
(532,136),
(532,148),
(532,345),
(532,53),
(532,4),
(532,216),
(532,203),
(532,104),
(532,7),
(532,8),
(532,147),
(532,101),
(532,9),
(19,28),
(19,68),
(19,37),
(19,123),
(19,95),
(19,201),
(19,131),
(19,199),
(19,33),
(19,128),
(19,44),
(19,45),
(19,61),
(19,62),
(19,65),
(19,134),
(19,141),
(19,99),
(19,274),
(19,251),
(19,196),
(19,136),
(19,148),
(19,13),
(19,100),
(19,92),
(19,200),
(19,145),
(19,139),
(19,182),
(19,110),
(19,125),
(19,187),
(19,101),
(19,233),
(155,28),
(155,39),
(155,68),
(155,100),
(155,270),
(155,79),
(155,239),
(155,40),
(155,286),
(155,114),
(155,33),
(155,128),
(155,65),
(155,76),
(155,175),
(155,141),
(155,274),
(155,165),
(155,283),
(155,296),
(155,148),
(155,13),
(155,182),
(155,158),
(155,21),
(155,170),
(155,267),
(155,202),
(155,92),
(155,32),
(155,288),
(155,140),
(155,101),
(155,69),
(554,28),
(554,114),
(554,283),
(554,69),
(554,229),
(554,25),
(554,139),
(554,141),
(554,7),
(554,32),
(554,202),
(554,144),
(554,165),
(554,128),
(554,57),
(554,65),
(554,146),
(554,40),
(554,76),
(554,166),
(554,270),
(554,99),
(554,274),
(554,94),
(554,196),
(554,136),
(554,148),
(554,345),
(554,53),
(554,100),
(554,142),
(554,192),
(554,31),
(554,140),
(554,101),
(554,233),
(84,50),
(84,68),
(84,69),
(84,27),
(84,123),
(84,195),
(84,256),
(84,51),
(84,139),
(84,32),
(84,128),
(84,175),
(84,141),
(84,99),
(84,274),
(84,275),
(84,118),
(84,148),
(84,16),
(84,199),
(84,220),
(84,105),
(84,147),
(84,101),
(164,84),
(164,87),
(164,28),
(164,50),
(164,139),
(164,66),
(164,275),
(164,31),
(164,210),
(164,233),
(164,269),
(164,170),
(164,128),
(164,49),
(164,67),
(164,134),
(164,175),
(164,141),
(164,99),
(164,274),
(164,118),
(164,222),
(164,148),
(164,16),
(164,105),
(164,140),
(164,156),
(164,101),
(129,28),
(129,179),
(129,101),
(129,139),
(129,188),
(129,128),
(129,287),
(129,41),
(465,82),
(465,19),
(465,54),
(465,17),
(465,55),
(465,147),
(465,113),
(465,133),
(465,18),
(465,241),
(465,128),
(465,49),
(465,57),
(465,64),
(465,146),
(465,106),
(465,166),
(465,175),
(465,141),
(465,99),
(465,274),
(465,218),
(465,219),
(465,198),
(465,222),
(465,292),
(465,94),
(465,344),
(465,205),
(465,136),
(465,148),
(465,13),
(465,53),
(465,66),
(465,240),
(465,209),
(465,187),
(465,101),
(255,10),
(255,39),
(255,50),
(255,59),
(255,68),
(255,267),
(255,97),
(255,40),
(255,128),
(255,65),
(255,76),
(255,166),
(255,175),
(255,141),
(255,270),
(255,274),
(255,275),
(255,165),
(255,283),
(255,226),
(255,94),
(255,136),
(255,148),
(255,13),
(255,53),
(255,158),
(255,194),
(255,200),
(255,207),
(255,143),
(255,179),
(255,288),
(255,140),
(255,101),
(195,41),
(195,180),
(195,18),
(195,231),
(195,64),
(195,173),
(195,128),
(195,44),
(195,45),
(195,49),
(195,65),
(195,146),
(195,268),
(195,106),
(195,166),
(195,141),
(195,99),
(195,274),
(195,218),
(195,279),
(195,222),
(195,247),
(195,292),
(195,94),
(195,344),
(195,136),
(195,148),
(195,345),
(195,43),
(195,53),
(195,77),
(195,149),
(195,272),
(195,133),
(195,29),
(195,21),
(195,208),
(195,221),
(195,142),
(195,8),
(195,110),
(195,125),
(195,101),
(195,188),
(258,28),
(258,41),
(258,107),
(258,63),
(258,137),
(258,31),
(258,42),
(258,128),
(258,44),
(258,45),
(258,65),
(258,268),
(258,166),
(258,141),
(258,274),
(258,275),
(258,279),
(258,94),
(258,136),
(258,148),
(258,43),
(258,53),
(258,77),
(258,149),
(258,133),
(258,224),
(258,37),
(258,33),
(258,154),
(258,231),
(258,74),
(258,20),
(258,139),
(258,208),
(258,221),
(258,110),
(258,125),
(258,101),
(258,144),
(258,287),
(258,188),
(566,68),
(566,63),
(566,195),
(566,133),
(566,284),
(566,122),
(566,131),
(566,196),
(566,94),
(566,177),
(566,32),
(566,128),
(566,265),
(566,64),
(566,65),
(566,166),
(566,175),
(566,141),
(566,274),
(566,118),
(566,226),
(566,247),
(566,292),
(566,136),
(566,148),
(566,13),
(566,37),
(566,213),
(566,221),
(566,255),
(566,147),
(566,208),
(566,179),
(566,140),
(566,125),
(566,101),
(566,139),
(566,233),
(197,28),
(197,123),
(197,68),
(197,105),
(197,199),
(197,200),
(197,128),
(197,49),
(197,65),
(197,67),
(197,134),
(197,141),
(197,274),
(197,275),
(197,198),
(197,285),
(197,222),
(197,84),
(197,148),
(197,321),
(197,206),
(197,13),
(197,182),
(197,278),
(197,269),
(197,273),
(197,156),
(197,125),
(197,101),
(197,79),
(197,37),
(197,31),
(197,33),
(345,162),
(345,82),
(345,38),
(345,133),
(345,193),
(345,113),
(345,219),
(345,128),
(345,57),
(345,265),
(345,106),
(345,166),
(345,141),
(345,274),
(345,94),
(345,344),
(345,148),
(345,55),
(345,17),
(345,221),
(345,209),
(345,101),
(549,55),
(549,58),
(549,331),
(549,128),
(549,49),
(549,57),
(549,141),
(549,274),
(549,219),
(549,222),
(549,84),
(549,148),
(549,13),
(549,182),
(549,113),
(549,209),
(549,101),
(549,54),
(549,184),
(549,240),
(240,73),
(240,39),
(240,105),
(240,59),
(240,277),
(240,267),
(240,7),
(240,239),
(240,40),
(240,76),
(240,128),
(240,67),
(240,146),
(240,141),
(240,270),
(240,99),
(240,274),
(240,165),
(240,283),
(240,136),
(240,148),
(240,345),
(240,327),
(240,129),
(240,120),
(240,202),
(240,125),
(240,2),
(240,104),
(240,5),
(240,9),
(240,182),
(240,298),
(240,142),
(240,140),
(240,101),
(240,139),
(48,28),
(48,66),
(48,86),
(48,46),
(48,168),
(48,233),
(48,157),
(48,67),
(48,264),
(48,128),
(48,57),
(48,106),
(48,141),
(48,99),
(48,274),
(48,291),
(48,344),
(48,148),
(48,250),
(48,113),
(48,101),
(436,28),
(436,66),
(436,105),
(436,135),
(436,170),
(436,198),
(436,263),
(436,128),
(436,57),
(436,64),
(436,67),
(436,134),
(436,166),
(436,141),
(436,274),
(436,251),
(436,292),
(436,94),
(436,84),
(436,235),
(436,148),
(436,168),
(436,101),
(598,236),
(598,28),
(598,114),
(598,126),
(598,36),
(598,234),
(598,70),
(598,241),
(598,245),
(598,198),
(598,235),
(598,91),
(598,128),
(598,49),
(598,57),
(598,61),
(598,62),
(598,175),
(598,141),
(598,274),
(598,219),
(598,226),
(598,222),
(598,292),
(598,205),
(598,136),
(598,148),
(598,13),
(598,53),
(598,272),
(598,174),
(598,209),
(598,113),
(598,147),
(598,101),
(394,28),
(394,88),
(394,50),
(394,126),
(394,47),
(394,27),
(394,193),
(394,137),
(394,51),
(394,42),
(394,128),
(394,44),
(394,45),
(394,65),
(394,146),
(394,166),
(394,175),
(394,141),
(394,274),
(394,275),
(394,279),
(394,226),
(394,136),
(394,148),
(394,13),
(394,43),
(394,53),
(394,77),
(394,149),
(394,256),
(394,110),
(394,107),
(394,101),
(394,182),
(394,168),
(394,287),
(394,188),
(394,1),
(514,72),
(514,92),
(514,267),
(514,128),
(514,57),
(514,65),
(514,40),
(514,76),
(514,166),
(514,141),
(514,270),
(514,99),
(514,271),
(514,274),
(514,165),
(514,218),
(514,283),
(514,284),
(514,226),
(514,198),
(514,136),
(514,148),
(514,13),
(514,162),
(514,182),
(514,333),
(514,7),
(514,59),
(514,140),
(514,142),
(514,244),
(514,125),
(514,147),
(514,101),
(514,144),
(514,139),
(514,10),
(514,37),
(514,131),
(489,88),
(489,47),
(489,137),
(489,188),
(489,149),
(489,128),
(489,44),
(489,45),
(489,141),
(489,274),
(489,279),
(489,196),
(489,148),
(489,341),
(489,43),
(489,77),
(489,179),
(489,182),
(489,110),
(489,147),
(489,200),
(489,168),
(489,101),
(489,139),
(631,286),
(631,28),
(631,283),
(631,72),
(631,17),
(631,59),
(631,92),
(631,267),
(631,250),
(631,97),
(631,40),
(631,128),
(631,57),
(631,65),
(631,76),
(631,166),
(631,175),
(631,141),
(631,99),
(631,274),
(631,218),
(631,226),
(631,222),
(631,136),
(631,148),
(631,345),
(631,13),
(631,327),
(631,29),
(631,105),
(631,140),
(631,207),
(631,123),
(631,201),
(631,30),
(631,7),
(631,142),
(631,113),
(631,147),
(631,101),
(631,144),
(631,9),
(234,28),
(234,162),
(234,20),
(234,31),
(234,233),
(234,23),
(234,263),
(234,128),
(234,57),
(234,61),
(234,62),
(234,64),
(234,67),
(234,134),
(234,141),
(234,99),
(234,274),
(234,219),
(234,251),
(234,285),
(234,222),
(234,292),
(234,84),
(234,296),
(234,148),
(234,37),
(234,21),
(234,170),
(234,121),
(234,69),
(234,32),
(234,179),
(234,125),
(234,200),
(234,187),
(234,168),
(234,101),
(234,139),
(307,66),
(307,194),
(307,203),
(307,128),
(307,83),
(307,263),
(307,67),
(307,134),
(307,146),
(307,166),
(307,141),
(307,271),
(307,274),
(307,218),
(307,285),
(307,94),
(307,205),
(307,84),
(307,136),
(307,148),
(307,345),
(307,53),
(307,223),
(307,216),
(307,120),
(307,138),
(307,7),
(307,8),
(307,232),
(307,9),
(307,142),
(307,168),
(307,101),
(307,233),
(148,30),
(148,130),
(148,18),
(148,294),
(148,208),
(148,214),
(148,112),
(148,49),
(148,128),
(148,44),
(148,45),
(148,61),
(148,62),
(148,40),
(148,76),
(148,141),
(148,274),
(148,283),
(148,148),
(148,43),
(148,77),
(148,253),
(148,122),
(148,213),
(148,132),
(148,125),
(148,188),
(148,17),
(148,237),
(148,110),
(148,187),
(148,101),
(511,10),
(511,72),
(511,19),
(511,92),
(511,37),
(511,209),
(511,284),
(511,131),
(511,128),
(511,57),
(511,65),
(511,166),
(511,141),
(511,99),
(511,271),
(511,274),
(511,219),
(511,226),
(511,198),
(511,136),
(511,148),
(511,13),
(511,162),
(511,174),
(511,182),
(511,333),
(511,240),
(511,184),
(511,142),
(511,113),
(511,244),
(511,125),
(511,147),
(511,101),
(511,139),
(462,109),
(462,28),
(462,60),
(462,246),
(462,116),
(462,234),
(462,235),
(462,238),
(462,128),
(462,49),
(462,61),
(462,62),
(462,141),
(462,274),
(462,251),
(462,91),
(462,222),
(462,290),
(462,296),
(462,148),
(462,295),
(462,245),
(462,187),
(462,168),
(462,101),
(462,96),
(520,14),
(520,68),
(520,164),
(520,210),
(520,12),
(520,141),
(520,87),
(520,128),
(520,175),
(520,274),
(520,275),
(520,118),
(520,196),
(520,148),
(520,16),
(520,207),
(520,139),
(520,140),
(520,101),
(356,135),
(356,7),
(356,8),
(356,9),
(356,17),
(356,162),
(356,230),
(356,123),
(356,169),
(356,280),
(356,134),
(356,198),
(356,128),
(356,44),
(356,45),
(356,49),
(356,64),
(356,67),
(356,146),
(356,166),
(356,141),
(356,99),
(356,274),
(356,251),
(356,222),
(356,292),
(356,94),
(356,344),
(356,84),
(356,136),
(356,148),
(356,206),
(356,345),
(356,53),
(356,105),
(356,261),
(356,142),
(356,110),
(356,101),
(372,69),
(372,25),
(372,39),
(372,37),
(372,122),
(372,131),
(372,177),
(372,233),
(372,40),
(372,33),
(372,128),
(372,146),
(372,76),
(372,166),
(372,175),
(372,141),
(372,274),
(372,283),
(372,226),
(372,94),
(372,136),
(372,148),
(372,13),
(372,53),
(372,213),
(372,214),
(372,229),
(372,42),
(372,32),
(372,130),
(372,237),
(372,156),
(372,112),
(372,101),
(264,335),
(264,28),
(264,25),
(264,92),
(264,182),
(264,97),
(264,33),
(264,128),
(264,44),
(264,45),
(264,49),
(264,61),
(264,62),
(264,65),
(264,134),
(264,141),
(264,99),
(264,274),
(264,275),
(264,251),
(264,226),
(264,285),
(264,222),
(264,136),
(264,148),
(264,13),
(264,43),
(264,53),
(264,107),
(264,123),
(264,236),
(264,244),
(264,156),
(264,110),
(264,125),
(264,200),
(264,209),
(264,187),
(264,101),
(264,188),
(264,36),
(264,31),
(264,132),
(560,105),
(560,25),
(560,146),
(560,198),
(560,276),
(560,83),
(560,131),
(560,141),
(560,236),
(560,142),
(560,255),
(560,177),
(560,128),
(560,265),
(560,65),
(560,106),
(560,166),
(560,99),
(560,271),
(560,274),
(560,218),
(560,283),
(560,285),
(560,247),
(560,94),
(560,294),
(560,205),
(560,136),
(560,148),
(560,321),
(560,206),
(560,345),
(560,53),
(560,216),
(560,138),
(560,7),
(560,8),
(560,9),
(560,233),
(560,213),
(560,298),
(560,273),
(560,245),
(560,125),
(560,147),
(560,112),
(560,101),
(482,200),
(482,66),
(482,79),
(482,139),
(482,135),
(482,170),
(482,91),
(482,263),
(482,128),
(482,49),
(482,61),
(482,62),
(482,67),
(482,134),
(482,40),
(482,76),
(482,141),
(482,274),
(482,219),
(482,251),
(482,283),
(482,284),
(482,198),
(482,222),
(482,84),
(482,196),
(482,148),
(482,345),
(482,341),
(482,7),
(482,8),
(482,125),
(482,147),
(482,187),
(482,168),
(482,101),
(482,9),
(482,188),
(482,233),
(467,9),
(467,73),
(467,39),
(467,105),
(467,59),
(467,277),
(467,267),
(467,7),
(467,239),
(467,40),
(467,76),
(467,49),
(467,128),
(467,57),
(467,61),
(467,64),
(467,67),
(467,146),
(467,166),
(467,141),
(467,270),
(467,99),
(467,271),
(467,274),
(467,165),
(467,218),
(467,283),
(467,222),
(467,292),
(467,94),
(467,136),
(467,148),
(467,345),
(467,53),
(467,327),
(467,129),
(467,120),
(467,202),
(467,125),
(467,2),
(467,104),
(467,5),
(467,182),
(467,298),
(467,142),
(467,140),
(467,101),
(99,88),
(99,11),
(99,47),
(99,180),
(99,126),
(99,20),
(99,18),
(99,193),
(99,90),
(99,128),
(99,44),
(99,45),
(99,49),
(99,65),
(99,146),
(99,166),
(99,141),
(99,99),
(99,274),
(99,115),
(99,279),
(99,222),
(99,94),
(99,211),
(99,136),
(99,148),
(99,13),
(99,43),
(99,53),
(99,149),
(99,133),
(99,276),
(99,147),
(99,110),
(99,101),
(99,144),
(99,188),
(477,135),
(477,7),
(477,8),
(477,9),
(477,17),
(477,162),
(477,230),
(477,123),
(477,169),
(477,280),
(477,134),
(477,198),
(477,128),
(477,44),
(477,45),
(477,49),
(477,64),
(477,67),
(477,146),
(477,166),
(477,141),
(477,99),
(477,274),
(477,218),
(477,251),
(477,222),
(477,292),
(477,94),
(477,344),
(477,84),
(477,136),
(477,148),
(477,206),
(477,345),
(477,53),
(477,105),
(477,261),
(477,142),
(477,110),
(477,101),
(208,227),
(208,228),
(208,229),
(208,28),
(208,17),
(208,63),
(208,166),
(208,69),
(208,265),
(208,122),
(208,18),
(208,94),
(208,131),
(208,125),
(208,65),
(208,247),
(208,33),
(208,128),
(208,64),
(208,141),
(208,274),
(208,91),
(208,198),
(208,292),
(208,294),
(208,235),
(208,136),
(208,148),
(208,206),
(208,13),
(208,53),
(208,186),
(208,236),
(208,114),
(208,208),
(208,213),
(208,221),
(208,245),
(208,101),
(208,172),
(603,25),
(603,116),
(603,251),
(603,17),
(603,38),
(603,238),
(603,131),
(603,61),
(603,272),
(603,296),
(603,109),
(603,32),
(603,128),
(603,62),
(603,141),
(603,274),
(603,284),
(603,290),
(603,196),
(603,235),
(603,148),
(603,208),
(603,179),
(603,113),
(603,125),
(603,147),
(603,187),
(603,168),
(603,101),
(533,1),
(533,63),
(533,191),
(533,276),
(533,94),
(533,120),
(533,192),
(533,247),
(533,142),
(533,144),
(533,128),
(533,265),
(533,65),
(533,146),
(533,166),
(533,141),
(533,271),
(533,274),
(533,218),
(533,198),
(533,285),
(533,205),
(533,136),
(533,148),
(533,345),
(533,53),
(533,4),
(533,216),
(533,203),
(533,104),
(533,7),
(533,8),
(533,147),
(533,101),
(533,9),
(389,252),
(389,28),
(389,54),
(389,56),
(389,37),
(389,55),
(389,64),
(389,131),
(389,113),
(389,240),
(389,128),
(389,49),
(389,57),
(389,166),
(389,141),
(389,274),
(389,219),
(389,222),
(389,247),
(389,292),
(389,94),
(389,136),
(389,148),
(389,13),
(389,53),
(389,29),
(389,33),
(389,221),
(389,172),
(389,209),
(389,144),
(389,32),
(389,178),
(389,289),
(389,245),
(389,125),
(389,112),
(389,101),
(427,1),
(427,68),
(427,23),
(427,89),
(427,179),
(427,128),
(427,44),
(427,57),
(427,61),
(427,65),
(427,134),
(427,141),
(427,274),
(427,251),
(427,285),
(427,136),
(427,345),
(427,13),
(427,282),
(427,256),
(427,138),
(427,7),
(427,142),
(427,8),
(427,171),
(427,9),
(427,182),
(427,216),
(427,156),
(427,125),
(427,200),
(427,187),
(427,101),
(427,139),
(427,188),
(45,55),
(45,331),
(45,58),
(45,57),
(45,264),
(45,128),
(45,106),
(45,141),
(45,274),
(45,219),
(45,344),
(45,148),
(45,341),
(45,13),
(45,56),
(45,216),
(45,113),
(45,209),
(45,101),
(45,337),
(45,54),
(45,38),
(395,28),
(395,88),
(395,50),
(395,126),
(395,47),
(395,27),
(395,193),
(395,253),
(395,137),
(395,51),
(395,42),
(395,128),
(395,44),
(395,45),
(395,49),
(395,64),
(395,65),
(395,146),
(395,166),
(395,175),
(395,141),
(395,274),
(395,275),
(395,118),
(395,279),
(395,226),
(395,222),
(395,292),
(395,94),
(395,235),
(395,136),
(395,148),
(395,13),
(395,43),
(395,53),
(395,77),
(395,149),
(395,256),
(395,110),
(395,107),
(395,101),
(395,182),
(395,160),
(395,147),
(395,168),
(395,287),
(395,188),
(395,1),
(402,117),
(402,86),
(402,97),
(402,211),
(402,328),
(402,207),
(402,212),
(402,128),
(402,49),
(402,146),
(402,175),
(402,141),
(402,274),
(402,275),
(402,115),
(402,222),
(402,291),
(402,344),
(402,136),
(402,148),
(402,345),
(402,13),
(402,53),
(402,250),
(402,156),
(402,147),
(402,101),
(402,139),
(276,50),
(276,68),
(276,175),
(276,210),
(276,220),
(276,128),
(276,141),
(276,99),
(276,274),
(276,275),
(276,118),
(276,196),
(276,148),
(276,16),
(276,338),
(276,123),
(276,69),
(276,87),
(276,140),
(276,101),
(428,179),
(428,1),
(428,68),
(428,23),
(428,89),
(428,83),
(428,128),
(428,44),
(428,45),
(428,49),
(428,57),
(428,61),
(428,62),
(428,65),
(428,134),
(428,141),
(428,271),
(428,274),
(428,218),
(428,251),
(428,285),
(428,222),
(428,136),
(428,148),
(428,345),
(428,13),
(428,53),
(428,282),
(428,256),
(428,138),
(428,7),
(428,142),
(428,8),
(428,171),
(428,9),
(428,182),
(428,216),
(428,156),
(428,125),
(428,200),
(428,187),
(428,101),
(428,139),
(428,188),
(203,162),
(203,28),
(203,66),
(203,199),
(203,20),
(203,46),
(203,256),
(203,233),
(203,131),
(203,67),
(203,263),
(203,128),
(203,61),
(203,62),
(203,64),
(203,134),
(203,141),
(203,99),
(203,274),
(203,275),
(203,219),
(203,251),
(203,285),
(203,292),
(203,84),
(203,136),
(203,148),
(203,341),
(203,53),
(203,21),
(203,135),
(203,12),
(203,31),
(203,273),
(203,156),
(203,125),
(203,187),
(203,168),
(203,101),
(203,139),
(336,30),
(336,37),
(336,72),
(336,181),
(336,264),
(336,157),
(336,207),
(336,205),
(336,131),
(336,327),
(336,128),
(336,64),
(336,65),
(336,268),
(336,40),
(336,106),
(336,141),
(336,99),
(336,274),
(336,198),
(336,285),
(336,292),
(336,211),
(336,294),
(336,344),
(336,136),
(336,148),
(336,206),
(336,53),
(336,199),
(336,125),
(336,208),
(336,17),
(336,113),
(336,147),
(336,101),
(20,28),
(20,68),
(20,37),
(20,123),
(20,95),
(20,201),
(20,131),
(20,199),
(20,33),
(20,128),
(20,44),
(20,45),
(20,49),
(20,61),
(20,62),
(20,65),
(20,134),
(20,141),
(20,99),
(20,274),
(20,251),
(20,285),
(20,222),
(20,196),
(20,296),
(20,136),
(20,148),
(20,13),
(20,53),
(20,100),
(20,92),
(20,200),
(20,145),
(20,139),
(20,182),
(20,110),
(20,125),
(20,187),
(20,101),
(20,233),
(127,11),
(127,17),
(127,145),
(127,127),
(127,256),
(127,146),
(127,52),
(127,211),
(127,266),
(127,32),
(127,144),
(127,128),
(127,49),
(127,265),
(127,64),
(127,65),
(127,166),
(127,141),
(127,99),
(127,274),
(127,218),
(127,115),
(127,222),
(127,247),
(127,291),
(127,292),
(127,94),
(127,136),
(127,148),
(127,13),
(127,53),
(127,250),
(127,197),
(127,105),
(127,194),
(127,27),
(127,68),
(127,142),
(127,147),
(127,101),
(337,337),
(337,63),
(337,28),
(337,66),
(337,94),
(337,67),
(337,247),
(337,135),
(337,91),
(337,263),
(337,128),
(337,44),
(337,45),
(337,49),
(337,265),
(337,64),
(337,134),
(337,166),
(337,141),
(337,274),
(337,251),
(337,284),
(337,222),
(337,292),
(337,84),
(337,148),
(337,221),
(337,110),
(337,245),
(337,168),
(337,101),
(337,233),
(97,135),
(97,1),
(97,66),
(97,25),
(97,46),
(97,269),
(97,233),
(97,67),
(97,263),
(97,128),
(97,49),
(97,134),
(97,146),
(97,141),
(97,99),
(97,271),
(97,274),
(97,218),
(97,222),
(97,84),
(97,148),
(97,345),
(97,341),
(97,7),
(97,8),
(97,232),
(97,9),
(97,216),
(97,142),
(97,273),
(97,168),
(97,101),
(171,88),
(171,41),
(171,47),
(171,116),
(171,168),
(171,238),
(171,31),
(171,42),
(171,128),
(171,44),
(171,45),
(171,49),
(171,61),
(171,62),
(171,141),
(171,274),
(171,279),
(171,251),
(171,222),
(171,290),
(171,296),
(171,148),
(171,341),
(171,43),
(171,77),
(171,149),
(171,193),
(171,46),
(171,187),
(171,188),
(171,137),
(171,208),
(171,179),
(171,110),
(171,101),
(281,66),
(281,333),
(281,184),
(281,334),
(281,67),
(281,135),
(281,84),
(281,278),
(281,263),
(281,128),
(281,61),
(281,134),
(281,141),
(281,99),
(281,274),
(281,275),
(281,251),
(281,148),
(281,341),
(281,230),
(281,269),
(281,7),
(281,156),
(281,8),
(281,110),
(281,187),
(281,168),
(281,101),
(281,9),
(281,233),
(586,121),
(586,28),
(586,21),
(586,105),
(586,31),
(586,23),
(586,219),
(586,300),
(586,33),
(586,57),
(586,128),
(586,49),
(586,134),
(586,141),
(586,274),
(586,275),
(586,285),
(586,222),
(586,296),
(586,136),
(586,148),
(586,13),
(586,179),
(586,113),
(586,200),
(586,209),
(586,101),
(173,1),
(173,184),
(173,263),
(173,128),
(173,57),
(173,65),
(173,67),
(173,134),
(173,40),
(173,76),
(173,141),
(173,274),
(173,275),
(173,283),
(173,84),
(173,148),
(173,182),
(173,278),
(173,156),
(173,110),
(173,125),
(173,200),
(173,187),
(173,168),
(173,101),
(173,139),
(173,188),
(173,233),
(214,150),
(214,174),
(214,207),
(214,28),
(214,26),
(214,194),
(214,175),
(214,276),
(214,27),
(214,146),
(214,36),
(214,31),
(214,121),
(214,197),
(214,264),
(214,128),
(214,49),
(214,265),
(214,64),
(214,65),
(214,166),
(214,141),
(214,99),
(214,274),
(214,218),
(214,115),
(214,226),
(214,285),
(214,222),
(214,247),
(214,291),
(214,292),
(214,94),
(214,136),
(214,148),
(214,13),
(214,53),
(214,33),
(214,142),
(214,123),
(214,145),
(214,186),
(214,250),
(214,147),
(214,101),
(25,60),
(25,68),
(25,194),
(25,116),
(25,342),
(25,238),
(25,18),
(25,61),
(25,296),
(25,62),
(25,128),
(25,65),
(25,146),
(25,141),
(25,274),
(25,275),
(25,251),
(25,290),
(25,136),
(25,148),
(25,53),
(25,333),
(25,3),
(25,138),
(25,9),
(25,183),
(25,182),
(25,295),
(25,142),
(25,125),
(25,147),
(25,187),
(25,168),
(25,101),
(25,22),
(25,43),
(25,299),
(25,161),
(25,322),
(25,334),
(25,326),
(442,123),
(442,230),
(442,105),
(442,84),
(442,261),
(442,201),
(442,206),
(442,128),
(442,49),
(442,67),
(442,134),
(442,166),
(442,141),
(442,99),
(442,274),
(442,285),
(442,222),
(442,344),
(442,148),
(442,321),
(442,273),
(442,110),
(442,187),
(442,101),
(442,139),
(442,188),
(7,28),
(7,41),
(7,88),
(7,37),
(7,124),
(7,188),
(7,208),
(7,80),
(7,42),
(7,128),
(7,44),
(7,45),
(7,65),
(7,146),
(7,166),
(7,141),
(7,274),
(7,279),
(7,136),
(7,148),
(7,345),
(7,43),
(7,53),
(7,77),
(7,149),
(7,253),
(7,204),
(7,193),
(7,213),
(7,138),
(7,173),
(7,142),
(7,8),
(7,110),
(7,125),
(7,101),
(7,287),
(7,233),
(333,50),
(333,162),
(333,27),
(333,333),
(333,274),
(333,31),
(333,213),
(333,337),
(333,128),
(333,44),
(333,57),
(333,175),
(333,141),
(333,99),
(333,275),
(333,118),
(333,84),
(333,148),
(333,341),
(333,16),
(333,214),
(333,156),
(333,123),
(333,69),
(333,140),
(333,112),
(333,87),
(333,101),
(333,139),
(262,131),
(262,99),
(262,28),
(262,37),
(262,321),
(262,199),
(262,31),
(262,201),
(262,128),
(262,49),
(262,65),
(262,134),
(262,141),
(262,274),
(262,283),
(262,198),
(262,285),
(262,222),
(262,136),
(262,148),
(262,206),
(262,53),
(262,162),
(262,182),
(262,229),
(262,228),
(262,335),
(262,157),
(262,227),
(262,273),
(262,156),
(262,125),
(262,101),
(262,139),
(581,41),
(581,188),
(581,175),
(581,47),
(581,210),
(581,220),
(581,308),
(581,128),
(581,44),
(581,49),
(581,141),
(581,274),
(581,118),
(581,279),
(581,222),
(581,148),
(581,16),
(581,43),
(581,149),
(581,164),
(581,193),
(581,14),
(581,110),
(581,87),
(581,101),
(581,139),
(649,328),
(649,312),
(649,68),
(649,126),
(649,117),
(649,270),
(649,246),
(649,97),
(649,168),
(649,96),
(649,211),
(649,212),
(649,109),
(649,49),
(649,70),
(649,128),
(649,44),
(649,45),
(649,57),
(649,61),
(649,62),
(649,67),
(649,40),
(649,175),
(649,141),
(649,274),
(649,219),
(649,251),
(649,91),
(649,226),
(649,222),
(649,291),
(649,344),
(649,196),
(649,235),
(649,148),
(649,206),
(649,16),
(649,250),
(649,295),
(649,113),
(649,244),
(649,245),
(649,200),
(649,187),
(649,101),
(649,233),
(209,228),
(209,229),
(209,227),
(209,28),
(209,37),
(209,72),
(209,25),
(209,69),
(209,335),
(209,198),
(209,131),
(209,128),
(209,57),
(209,61),
(209,62),
(209,64),
(209,65),
(209,134),
(209,146),
(209,40),
(209,106),
(209,76),
(209,141),
(209,99),
(209,274),
(209,165),
(209,283),
(209,285),
(209,292),
(209,296),
(209,136),
(209,148),
(209,321),
(209,345),
(209,341),
(209,53),
(209,197),
(209,33),
(209,105),
(209,142),
(209,143),
(209,101),
(209,182),
(209,7),
(209,156),
(209,8),
(209,200),
(209,187),
(209,144),
(209,9),
(209,188),
(515,10),
(515,72),
(515,41),
(515,92),
(515,37),
(515,279),
(515,284),
(515,193),
(515,131),
(515,128),
(515,44),
(515,45),
(515,65),
(515,166),
(515,141),
(515,99),
(515,271),
(515,274),
(515,226),
(515,198),
(515,136),
(515,148),
(515,13),
(515,43),
(515,77),
(515,149),
(515,208),
(515,162),
(515,182),
(515,333),
(515,42),
(515,142),
(515,244),
(515,8),
(515,110),
(515,125),
(515,147),
(515,101),
(515,139),
(515,188),
(529,10),
(529,124),
(529,107),
(529,92),
(529,126),
(529,65),
(529,97),
(529,94),
(529,64),
(529,297),
(529,128),
(529,146),
(529,106),
(529,166),
(529,175),
(529,141),
(529,274),
(529,226),
(529,292),
(529,211),
(529,205),
(529,136),
(529,148),
(529,13),
(529,53),
(529,158),
(529,221),
(529,236),
(529,80),
(529,52),
(529,101),
(594,42),
(594,1),
(594,253),
(594,3),
(594,188),
(594,191),
(594,193),
(594,128),
(594,44),
(594,45),
(594,67),
(594,134),
(594,141),
(594,274),
(594,279),
(594,148),
(594,43),
(594,77),
(594,149),
(594,179),
(594,110),
(594,147),
(594,101),
(538,17),
(538,127),
(538,145),
(538,266),
(538,29),
(538,282),
(538,144),
(538,128),
(538,64),
(538,65),
(538,146),
(538,166),
(538,141),
(538,271),
(538,274),
(538,218),
(538,198),
(538,285),
(538,222),
(538,247),
(538,292),
(538,94),
(538,205),
(538,136),
(538,148),
(538,345),
(538,53),
(538,7),
(538,142),
(538,8),
(538,147),
(538,101),
(538,9),
(538,233),
(550,32),
(550,28),
(550,41),
(550,139),
(550,25),
(550,37),
(550,253),
(550,276),
(550,31),
(550,131),
(550,208),
(550,33),
(550,128),
(550,44),
(550,141),
(550,274),
(550,279),
(550,148),
(550,13),
(550,43),
(550,77),
(550,149),
(550,193),
(550,47),
(550,173),
(550,180),
(550,69),
(550,145),
(550,79),
(550,137),
(550,179),
(550,110),
(550,101),
(550,144),
(550,233),
(308,233),
(308,7),
(308,9),
(308,8),
(308,66),
(308,194),
(308,203),
(308,128),
(308,83),
(308,263),
(308,49),
(308,67),
(308,134),
(308,146),
(308,166),
(308,141),
(308,271),
(308,274),
(308,218),
(308,219),
(308,285),
(308,222),
(308,94),
(308,205),
(308,84),
(308,136),
(308,148),
(308,345),
(308,53),
(308,223),
(308,216),
(308,120),
(308,138),
(308,232),
(308,142),
(308,168),
(308,101),
(154,331),
(154,28),
(154,56),
(154,184),
(154,58),
(154,29),
(154,57),
(154,128),
(154,49),
(154,64),
(154,141),
(154,274),
(154,275),
(154,219),
(154,222),
(154,292),
(154,294),
(154,136),
(154,148),
(154,13),
(154,53),
(154,133),
(154,240),
(154,19),
(154,178),
(154,113),
(154,289),
(154,125),
(154,112),
(154,209),
(154,101),
(339,107),
(339,41),
(339,231),
(339,188),
(339,101),
(339,208),
(339,64),
(339,173),
(339,135),
(339,128),
(339,44),
(339,45),
(339,166),
(339,141),
(339,274),
(339,279),
(339,292),
(339,148),
(339,43),
(339,77),
(339,149),
(339,221),
(339,42),
(339,180),
(339,116),
(339,31),
(339,32),
(339,137),
(339,179),
(339,110),
(104,75),
(104,25),
(104,93),
(104,69),
(104,115),
(104,32),
(104,111),
(104,33),
(104,285),
(104,128),
(104,44),
(104,45),
(104,265),
(104,64),
(104,65),
(104,146),
(104,40),
(104,76),
(104,166),
(104,175),
(104,141),
(104,99),
(104,274),
(104,275),
(104,283),
(104,292),
(104,94),
(104,136),
(104,148),
(104,345),
(104,53),
(104,133),
(104,276),
(104,21),
(104,245),
(104,80),
(104,221),
(104,7),
(104,142),
(104,110),
(104,125),
(104,147),
(104,101),
(104,9),
(104,139),
(327,28),
(327,105),
(327,46),
(327,89),
(327,201),
(327,139),
(327,33),
(327,32),
(327,128),
(327,65),
(327,67),
(327,134),
(327,146),
(327,166),
(327,141),
(327,99),
(327,274),
(327,285),
(327,94),
(327,84),
(327,296),
(327,136),
(327,148),
(327,345),
(327,53),
(327,138),
(327,110),
(327,232),
(327,124),
(327,143),
(327,188),
(327,182),
(327,216),
(327,7),
(327,142),
(327,156),
(327,8),
(327,200),
(327,187),
(327,101),
(327,9),
(327,233),
(546,54),
(546,336),
(546,55),
(546,56),
(546,113),
(546,219),
(546,57),
(546,128),
(546,141),
(546,274),
(546,84),
(546,148),
(546,341),
(546,182),
(546,147),
(546,209),
(546,101),
(583,176),
(583,162),
(583,139),
(583,110),
(583,224),
(583,234),
(583,44),
(583,45),
(583,128),
(583,141),
(583,274),
(583,91),
(583,293),
(583,235),
(583,148),
(583,225),
(583,103),
(583,188),
(583,168),
(583,101),
(346,162),
(346,82),
(346,38),
(346,133),
(346,193),
(346,113),
(346,219),
(346,128),
(346,49),
(346,57),
(346,265),
(346,64),
(346,268),
(346,106),
(346,166),
(346,141),
(346,274),
(346,222),
(346,247),
(346,292),
(346,94),
(346,344),
(346,136),
(346,148),
(346,53),
(346,55),
(346,17),
(346,221),
(346,209),
(346,101),
(468,87),
(468,132),
(468,204),
(468,210),
(468,263),
(468,128),
(468,49),
(468,57),
(468,67),
(468,134),
(468,146),
(468,40),
(468,76),
(468,175),
(468,141),
(468,274),
(468,275),
(468,118),
(468,283),
(468,285),
(468,222),
(468,84),
(468,136),
(468,148),
(468,341),
(468,16),
(468,170),
(468,135),
(468,50),
(468,278),
(468,182),
(468,216),
(468,142),
(468,140),
(468,156),
(468,200),
(468,187),
(468,168),
(468,101),
(468,188),
(468,233),
(468,133),
(468,33),
(468,184),
(468,336),
(135,28),
(135,60),
(135,68),
(135,21),
(135,227),
(135,36),
(135,238),
(135,200),
(135,62),
(135,128),
(135,49),
(135,61),
(135,65),
(135,134),
(135,141),
(135,274),
(135,275),
(135,251),
(135,285),
(135,222),
(135,290),
(135,296),
(135,136),
(135,148),
(135,53),
(135,182),
(135,278),
(135,269),
(135,156),
(135,125),
(135,187),
(135,168),
(135,101),
(135,79),
(135,37),
(135,31),
(135,33),
(393,1),
(393,88),
(393,50),
(393,47),
(393,27),
(393,193),
(393,137),
(393,51),
(393,42),
(393,128),
(393,44),
(393,45),
(393,65),
(393,146),
(393,166),
(393,175),
(393,141),
(393,274),
(393,275),
(393,279),
(393,148),
(393,13),
(393,43),
(393,77),
(393,149),
(393,256),
(393,110),
(393,107),
(393,101),
(393,182),
(393,168),
(393,287),
(393,188),
(47,243),
(47,10),
(47,86),
(47,117),
(47,97),
(47,113),
(47,211),
(47,264),
(47,128),
(47,49),
(47,57),
(47,65),
(47,146),
(47,106),
(47,175),
(47,141),
(47,99),
(47,274),
(47,219),
(47,115),
(47,222),
(47,291),
(47,136),
(47,148),
(47,13),
(47,250),
(47,328),
(47,126),
(47,46),
(47,123),
(47,147),
(47,209),
(47,101),
(343,66),
(343,124),
(343,107),
(343,166),
(343,46),
(343,133),
(343,70),
(343,170),
(343,221),
(343,91),
(343,263),
(343,128),
(343,44),
(343,57),
(343,265),
(343,64),
(343,65),
(343,67),
(343,134),
(343,141),
(343,274),
(343,251),
(343,292),
(343,94),
(343,84),
(343,148),
(343,341),
(343,297),
(343,168),
(343,101),
(343,233),
(159,10),
(159,41),
(159,69),
(159,37),
(159,228),
(159,131),
(159,276),
(159,97),
(159,32),
(159,208),
(159,144),
(159,42),
(159,177),
(159,128),
(159,44),
(159,45),
(159,65),
(159,146),
(159,166),
(159,175),
(159,141),
(159,274),
(159,279),
(159,226),
(159,94),
(159,136),
(159,148),
(159,345),
(159,13),
(159,43),
(159,53),
(159,77),
(159,149),
(159,133),
(159,253),
(159,8),
(159,126),
(159,188),
(159,142),
(159,110),
(159,125),
(159,101),
(159,139),
(159,287),
(191,54),
(191,55),
(191,56),
(191,113),
(191,57),
(191,33),
(191,209),
(191,128),
(191,106),
(191,141),
(191,274),
(191,219),
(191,148),
(191,13),
(191,221),
(191,101),
(191,139),
(611,10),
(611,199),
(611,298),
(611,97),
(611,115),
(611,177),
(611,213),
(611,112),
(611,222),
(611,128),
(611,65),
(611,166),
(611,175),
(611,141),
(611,274),
(611,283),
(611,226),
(611,198),
(611,211),
(611,294),
(611,205),
(611,136),
(611,148),
(611,13),
(611,53),
(611,125),
(611,207),
(611,12),
(611,208),
(611,237),
(611,187),
(611,101),
(611,144),
(55,253),
(55,10),
(55,41),
(55,66),
(55,92),
(55,188),
(55,233),
(55,208),
(55,42),
(55,263),
(55,128),
(55,44),
(55,45),
(55,49),
(55,65),
(55,67),
(55,146),
(55,175),
(55,141),
(55,271),
(55,274),
(55,218),
(55,279),
(55,226),
(55,222),
(55,136),
(55,148),
(55,345),
(55,43),
(55,53),
(55,77),
(55,149),
(55,277),
(55,129),
(55,135),
(55,231),
(55,46),
(55,269),
(55,142),
(55,8),
(55,110),
(55,125),
(55,168),
(55,101),
(55,193),
(509,10),
(509,92),
(509,123),
(509,138),
(509,199),
(509,97),
(509,207),
(509,201),
(509,335),
(509,128),
(509,134),
(509,175),
(509,141),
(509,99),
(509,274),
(509,275),
(509,226),
(509,198),
(509,84),
(509,196),
(509,148),
(509,321),
(509,206),
(509,13),
(509,182),
(509,105),
(509,273),
(509,6),
(509,244),
(509,156),
(509,125),
(509,147),
(509,209),
(509,101),
(383,133),
(383,180),
(383,221),
(383,239),
(383,64),
(383,347),
(383,57),
(383,76),
(383,192),
(383,177),
(383,128),
(383,49),
(383,265),
(383,61),
(383,62),
(383,65),
(383,146),
(383,40),
(383,166),
(383,175),
(383,141),
(383,274),
(383,165),
(383,218),
(383,283),
(383,226),
(383,222),
(383,247),
(383,292),
(383,94),
(383,294),
(383,136),
(383,148),
(383,345),
(383,13),
(383,53),
(383,213),
(383,7),
(383,245),
(383,125),
(383,187),
(383,101),
(383,9),
(383,139),
(279,308),
(279,42),
(279,41),
(279,188),
(279,198),
(279,193),
(279,128),
(279,44),
(279,45),
(279,49),
(279,175),
(279,141),
(279,99),
(279,274),
(279,275),
(279,118),
(279,279),
(279,281),
(279,222),
(279,196),
(279,148),
(279,16),
(279,43),
(279,14),
(279,147),
(279,130),
(279,244),
(279,110),
(279,209),
(279,187),
(279,87),
(279,101),
(279,139),
(279,164),
(279,210),
(279,68),
(279,123),
(608,39),
(608,162),
(608,73),
(608,59),
(608,267),
(608,280),
(608,286),
(608,134),
(608,165),
(608,128),
(608,57),
(608,67),
(608,40),
(608,76),
(608,141),
(608,270),
(608,99),
(608,274),
(608,219),
(608,283),
(608,198),
(608,84),
(608,148),
(608,206),
(608,277),
(608,140),
(608,187),
(608,101),
(265,28),
(265,34),
(265,250),
(265,295),
(265,101),
(265,196),
(265,167),
(265,168),
(432,138),
(432,10),
(432,105),
(432,92),
(432,97),
(432,29),
(432,128),
(432,49),
(432,61),
(432,62),
(432,65),
(432,134),
(432,175),
(432,141),
(432,99),
(432,274),
(432,275),
(432,226),
(432,198),
(432,285),
(432,222),
(432,292),
(432,84),
(432,196),
(432,148),
(432,13),
(432,199),
(432,37),
(432,200),
(432,68),
(432,191),
(432,182),
(432,273),
(432,156),
(432,125),
(432,147),
(432,187),
(432,101),
(432,188),
(432,201),
(432,335),
(537,88),
(537,274),
(537,47),
(537,180),
(537,139),
(537,173),
(537,38),
(537,216),
(537,275),
(537,42),
(537,156),
(537,264),
(537,128),
(537,49),
(537,64),
(537,65),
(537,146),
(537,268),
(537,106),
(537,166),
(537,141),
(537,218),
(537,279),
(537,198),
(537,222),
(537,292),
(537,94),
(537,344),
(537,205),
(537,136),
(537,148),
(537,345),
(537,43),
(537,53),
(537,221),
(537,231),
(537,101),
(537,188),
(537,179),
(537,142),
(537,8),
(537,110),
(537,147),
(362,103),
(362,37),
(362,225),
(362,110),
(362,228),
(362,25),
(362,44),
(362,293),
(362,131),
(362,332),
(362,45),
(362,128),
(362,49),
(362,64),
(362,134),
(362,141),
(362,274),
(362,91),
(362,198),
(362,222),
(362,292),
(362,148),
(362,206),
(362,224),
(362,280),
(362,114),
(362,163),
(362,245),
(362,168),
(362,101),
(362,188),
(237,197),
(237,145),
(237,24),
(237,123),
(237,68),
(237,98),
(237,124),
(237,194),
(237,128),
(237,64),
(237,65),
(237,146),
(237,175),
(237,141),
(237,99),
(237,271),
(237,274),
(237,285),
(237,247),
(237,292),
(237,94),
(237,136),
(237,148),
(237,53),
(237,223),
(237,83),
(237,104),
(237,217),
(237,182),
(237,101),
(237,28),
(237,138),
(368,137),
(368,66),
(368,334),
(368,188),
(368,149),
(368,67),
(368,208),
(368,42),
(368,128),
(368,44),
(368,45),
(368,49),
(368,134),
(368,141),
(368,274),
(368,279),
(368,222),
(368,344),
(368,148),
(368,43),
(368,77),
(368,29),
(368,193),
(368,173),
(368,17),
(368,179),
(368,110),
(368,168),
(368,101),
(368,78),
(368,41),
(415,14),
(415,101),
(415,210),
(415,212),
(415,250),
(415,254),
(415,284),
(415,328),
(117,42),
(117,88),
(117,41),
(117,130),
(117,47),
(117,193),
(117,213),
(117,128),
(117,44),
(117,45),
(117,49),
(117,141),
(117,274),
(117,279),
(117,222),
(117,235),
(117,148),
(117,43),
(117,77),
(117,149),
(117,48),
(117,277),
(117,122),
(117,173),
(117,108),
(117,112),
(117,12),
(117,168),
(117,188),
(117,179),
(117,110),
(117,101),
(38,40),
(38,68),
(38,263),
(38,128),
(38,49),
(38,57),
(38,65),
(38,76),
(38,141),
(38,270),
(38,274),
(38,165),
(38,219),
(38,283),
(38,198),
(38,222),
(38,84),
(38,148),
(38,206),
(38,170),
(38,105),
(38,202),
(38,140),
(38,280),
(38,307),
(38,182),
(38,273),
(38,125),
(38,101),
(38,233),
(38,39),
(38,59),
(38,267),
(38,286),
(474,109),
(474,28),
(474,46),
(474,168),
(474,238),
(474,96),
(474,49),
(474,263),
(474,128),
(474,44),
(474,45),
(474,57),
(474,61),
(474,62),
(474,67),
(474,134),
(474,175),
(474,141),
(474,99),
(474,274),
(474,251),
(474,222),
(474,84),
(474,148),
(474,206),
(474,295),
(474,273),
(474,110),
(474,125),
(474,200),
(474,187),
(474,101),
(474,139),
(474,233),
(418,68),
(418,41),
(418,123),
(418,79),
(418,253),
(418,256),
(418,137),
(418,12),
(418,208),
(418,42),
(418,128),
(418,44),
(418,45),
(418,65),
(418,146),
(418,166),
(418,141),
(418,274),
(418,275),
(418,279),
(418,136),
(418,148),
(418,345),
(418,43),
(418,53),
(418,77),
(418,149),
(418,3),
(418,117),
(418,92),
(418,25),
(418,107),
(418,97),
(418,307),
(418,142),
(418,8),
(418,110),
(418,125),
(418,101),
(418,188),
(585,28),
(585,21),
(585,105),
(585,31),
(585,23),
(585,219),
(585,33),
(585,57),
(585,128),
(585,134),
(585,141),
(585,274),
(585,275),
(585,285),
(585,296),
(585,148),
(585,179),
(585,113),
(585,200),
(585,209),
(585,101),
(219,221),
(219,73),
(219,39),
(219,63),
(219,283),
(219,277),
(219,133),
(219,267),
(219,94),
(219,239),
(219,29),
(219,40),
(219,128),
(219,49),
(219,57),
(219,265),
(219,64),
(219,76),
(219,166),
(219,141),
(219,270),
(219,274),
(219,165),
(219,91),
(219,222),
(219,247),
(219,292),
(219,344),
(219,136),
(219,148),
(219,53),
(219,140),
(219,286),
(219,114),
(219,101),
(400,28),
(400,114),
(400,41),
(400,25),
(400,95),
(400,31),
(400,144),
(400,128),
(400,44),
(400,45),
(400,49),
(400,61),
(400,62),
(400,65),
(400,134),
(400,141),
(400,99),
(400,274),
(400,275),
(400,279),
(400,251),
(400,285),
(400,222),
(400,292),
(400,136),
(400,148),
(400,13),
(400,43),
(400,53),
(400,77),
(400,149),
(400,208),
(400,33),
(400,92),
(400,68),
(400,236),
(400,80),
(400,182),
(400,142),
(400,110),
(400,125),
(400,200),
(400,187),
(400,101),
(400,188),
(429,340),
(429,215),
(429,329),
(429,184),
(429,162),
(429,128),
(429,49),
(429,61),
(429,62),
(429,67),
(429,134),
(429,175),
(429,141),
(429,99),
(429,274),
(429,275),
(429,219),
(429,251),
(429,198),
(429,222),
(429,84),
(429,148),
(429,206),
(429,341),
(429,261),
(429,230),
(429,201),
(429,273),
(429,156),
(429,110),
(429,187),
(429,101),
(429,139),
(429,280),
(429,46),
(606,269),
(606,66),
(606,46),
(606,25),
(606,128),
(606,233),
(606,67),
(606,263),
(606,49),
(606,61),
(606,134),
(606,166),
(606,141),
(606,99),
(606,274),
(606,275),
(606,118),
(606,219),
(606,251),
(606,222),
(606,94),
(606,84),
(606,148),
(606,206),
(606,162),
(606,187),
(606,168),
(606,101),
(606,139),
(185,252),
(185,63),
(185,18),
(185,105),
(185,166),
(185,94),
(185,201),
(185,33),
(185,247),
(185,192),
(185,128),
(185,265),
(185,64),
(185,65),
(185,146),
(185,141),
(185,99),
(185,274),
(185,91),
(185,292),
(185,136),
(185,148),
(185,345),
(185,53),
(185,25),
(185,114),
(185,172),
(185,70),
(185,182),
(185,221),
(185,7),
(185,142),
(185,273),
(185,8),
(185,101),
(185,9),
(222,28),
(222,88),
(222,47),
(222,133),
(222,81),
(222,193),
(222,186),
(222,215),
(222,221),
(222,128),
(222,44),
(222,45),
(222,64),
(222,65),
(222,67),
(222,134),
(222,166),
(222,141),
(222,274),
(222,279),
(222,91),
(222,247),
(222,292),
(222,94),
(222,136),
(222,148),
(222,43),
(222,53),
(222,255),
(222,176),
(222,188),
(222,110),
(222,101),
(595,86),
(595,117),
(595,295),
(595,250),
(595,97),
(595,168),
(595,201),
(595,238),
(595,212),
(595,128),
(595,61),
(595,141),
(595,99),
(595,274),
(595,219),
(595,251),
(595,290),
(595,291),
(595,211),
(595,344),
(595,205),
(595,296),
(595,148),
(595,13),
(595,243),
(595,105),
(595,36),
(595,34),
(595,123),
(595,236),
(595,179),
(595,113),
(595,187),
(595,101),
(646,110),
(646,133),
(646,44),
(646,122),
(646,97),
(646,315),
(646,213),
(646,45),
(646,112),
(646,156),
(646,324),
(646,320),
(646,325),
(646,319),
(646,177),
(646,128),
(646,49),
(646,67),
(646,134),
(646,166),
(646,141),
(646,274),
(646,275),
(646,118),
(646,218),
(646,226),
(646,198),
(646,222),
(646,247),
(646,94),
(646,294),
(646,235),
(646,136),
(646,148),
(646,13),
(646,16),
(646,53),
(646,237),
(646,221),
(646,245),
(646,168),
(646,101),
(646,233),
(207,34),
(207,147),
(207,68),
(207,117),
(207,105),
(207,284),
(207,97),
(207,196),
(207,211),
(207,171),
(207,264),
(207,128),
(207,64),
(207,65),
(207,146),
(207,106),
(207,166),
(207,175),
(207,141),
(207,99),
(207,274),
(207,118),
(207,115),
(207,198),
(207,247),
(207,291),
(207,292),
(207,94),
(207,205),
(207,136),
(207,148),
(207,206),
(207,13),
(207,53),
(207,243),
(207,33),
(207,194),
(207,126),
(207,207),
(207,181),
(207,12),
(207,236),
(207,172),
(207,208),
(207,250),
(207,221),
(207,125),
(207,101),
(283,88),
(283,68),
(283,47),
(283,253),
(283,128),
(283,44),
(283,45),
(283,57),
(283,134),
(283,141),
(283,99),
(283,274),
(283,279),
(283,291),
(283,344),
(283,148),
(283,250),
(283,328),
(283,42),
(283,180),
(283,46),
(283,168),
(283,113),
(283,110),
(283,101),
(283,188),
(32,50),
(32,21),
(32,34),
(32,27),
(32,26),
(32,205),
(32,264),
(32,128),
(32,44),
(32,45),
(32,61),
(32,62),
(32,65),
(32,106),
(32,141),
(32,99),
(32,274),
(32,275),
(32,226),
(32,136),
(32,148),
(32,13),
(32,53),
(32,276),
(32,66),
(32,255),
(32,125),
(32,181),
(32,201),
(32,31),
(32,297),
(32,187),
(32,101),
(32,188),
(249,163),
(249,14),
(249,214),
(249,170),
(249,42),
(249,102),
(249,133),
(249,135),
(249,87),
(249,263),
(249,128),
(249,44),
(249,45),
(249,49),
(249,61),
(249,62),
(249,64),
(249,67),
(249,134),
(249,175),
(249,141),
(249,274),
(249,275),
(249,118),
(249,251),
(249,281),
(249,222),
(249,292),
(249,294),
(249,84),
(249,136),
(249,148),
(249,16),
(249,43),
(249,53),
(249,77),
(249,149),
(249,208),
(249,213),
(249,221),
(249,113),
(249,156),
(249,110),
(249,245),
(249,125),
(249,187),
(249,168),
(249,101),
(249,188),
(249,233),
(76,28),
(76,304),
(76,63),
(76,265),
(76,292),
(76,70),
(76,186),
(76,64),
(76,91),
(76,33),
(76,247),
(76,128),
(76,49),
(76,65),
(76,146),
(76,40),
(76,76),
(76,166),
(76,141),
(76,274),
(76,218),
(76,283),
(76,222),
(76,94),
(76,136),
(76,148),
(76,345),
(76,53),
(76,142),
(76,192),
(76,5),
(76,236),
(76,221),
(76,7),
(76,245),
(76,101),
(76,144),
(76,9),
(76,114),
(472,227),
(472,228),
(472,229),
(472,205),
(472,147),
(472,68),
(472,117),
(472,105),
(472,284),
(472,207),
(472,196),
(472,211),
(472,171),
(472,264),
(472,128),
(472,49),
(472,64),
(472,65),
(472,146),
(472,106),
(472,166),
(472,175),
(472,141),
(472,99),
(472,274),
(472,118),
(472,115),
(472,198),
(472,222),
(472,247),
(472,291),
(472,292),
(472,94),
(472,136),
(472,148),
(472,206),
(472,13),
(472,53),
(472,243),
(472,33),
(472,194),
(472,126),
(472,181),
(472,12),
(472,236),
(472,172),
(472,208),
(472,250),
(472,221),
(472,125),
(472,87),
(472,101),
(472,34),
(472,97),
(111,26),
(111,27),
(111,265),
(111,20),
(111,292),
(111,276),
(111,186),
(111,297),
(111,31),
(111,247),
(111,64),
(111,121),
(111,128),
(111,44),
(111,45),
(111,61),
(111,62),
(111,65),
(111,40),
(111,76),
(111,166),
(111,141),
(111,99),
(111,274),
(111,283),
(111,198),
(111,94),
(111,205),
(111,136),
(111,148),
(111,53),
(111,131),
(111,158),
(111,214),
(111,229),
(111,228),
(111,125),
(111,236),
(111,80),
(111,227),
(111,208),
(111,213),
(111,221),
(111,110),
(111,187),
(111,101),
(111,144),
(111,139),
(401,291),
(401,250),
(401,101),
(401,139),
(401,117),
(401,86),
(401,97),
(401,211),
(290,10),
(290,86),
(290,92),
(290,107),
(290,126),
(290,115),
(290,65),
(290,128),
(290,57),
(290,134),
(290,175),
(290,141),
(290,274),
(290,291),
(290,211),
(290,148),
(290,13),
(290,250),
(290,212),
(290,105),
(290,14),
(290,207),
(290,167),
(290,113),
(290,101),
(194,41),
(194,180),
(194,18),
(194,231),
(194,64),
(194,173),
(194,128),
(194,44),
(194,45),
(194,65),
(194,268),
(194,106),
(194,141),
(194,274),
(194,279),
(194,292),
(194,344),
(194,136),
(194,148),
(194,43),
(194,77),
(194,149),
(194,272),
(194,133),
(194,29),
(194,21),
(194,208),
(194,221),
(194,8),
(194,110),
(194,125),
(194,101),
(194,188),
(80,28),
(80,41),
(80,66),
(80,25),
(80,188),
(80,233),
(80,67),
(80,263),
(80,128),
(80,44),
(80,45),
(80,49),
(80,64),
(80,65),
(80,134),
(80,146),
(80,40),
(80,76),
(80,175),
(80,141),
(80,274),
(80,275),
(80,218),
(80,279),
(80,283),
(80,222),
(80,292),
(80,84),
(80,136),
(80,148),
(80,43),
(80,53),
(80,149),
(80,327),
(80,135),
(80,101),
(80,20),
(80,208),
(80,216),
(80,142),
(80,273),
(80,8),
(80,110),
(80,125),
(80,168),
(277,220),
(277,210),
(277,195),
(277,50),
(277,68),
(277,175),
(277,128),
(277,49),
(277,141),
(277,99),
(277,274),
(277,275),
(277,118),
(277,222),
(277,196),
(277,148),
(277,16),
(277,338),
(277,123),
(277,69),
(277,87),
(277,140),
(277,101),
(488,232),
(488,66),
(488,48),
(488,135),
(488,97),
(488,67),
(488,337),
(488,263),
(488,128),
(488,44),
(488,49),
(488,57),
(488,134),
(488,141),
(488,274),
(488,219),
(488,251),
(488,222),
(488,84),
(488,148),
(488,110),
(488,168),
(488,101),
(488,233),
(641,192),
(641,32),
(641,308),
(641,139),
(641,162),
(641,14),
(641,37),
(641,145),
(641,164),
(641,170),
(641,210),
(641,131),
(641,206),
(641,128),
(641,49),
(641,265),
(641,67),
(641,146),
(641,268),
(641,106),
(641,175),
(641,141),
(641,99),
(641,274),
(641,218),
(641,281),
(641,283),
(641,284),
(641,198),
(641,222),
(641,196),
(641,136),
(641,148),
(641,16),
(641,53),
(641,273),
(641,140),
(641,110),
(641,125),
(641,147),
(641,101),
(641,144),
(618,28),
(618,41),
(618,107),
(618,60),
(618,180),
(618,231),
(618,238),
(618,179),
(618,173),
(618,61),
(618,145),
(618,128),
(618,62),
(618,64),
(618,65),
(618,268),
(618,106),
(618,166),
(618,141),
(618,274),
(618,279),
(618,198),
(618,247),
(618,292),
(618,94),
(618,344),
(618,148),
(618,43),
(618,162),
(618,221),
(618,187),
(618,116),
(618,208),
(618,295),
(618,273),
(618,101),
(618,139),
(618,188),
(278,41),
(278,188),
(278,68),
(278,164),
(278,123),
(278,175),
(278,210),
(278,308),
(278,128),
(278,44),
(278,45),
(278,141),
(278,99),
(278,274),
(278,275),
(278,118),
(278,279),
(278,196),
(278,148),
(278,16),
(278,193),
(278,14),
(278,147),
(278,130),
(278,110),
(278,187),
(278,87),
(278,101),
(278,139),
(26,60),
(26,68),
(26,61),
(26,128),
(26,49),
(26,62),
(26,65),
(26,146),
(26,141),
(26,99),
(26,274),
(26,275),
(26,218),
(26,251),
(26,222),
(26,290),
(26,296),
(26,136),
(26,148),
(26,53),
(26,333),
(26,3),
(26,138),
(26,9),
(26,183),
(26,182),
(26,295),
(26,142),
(26,125),
(26,147),
(26,187),
(26,168),
(26,101),
(26,342),
(26,18),
(26,194),
(26,238),
(26,116),
(26,22),
(26,43),
(238,1),
(238,72),
(238,103),
(238,66),
(238,299),
(238,224),
(238,67),
(238,45),
(238,263),
(238,128),
(238,44),
(238,134),
(238,141),
(238,99),
(238,274),
(238,275),
(238,198),
(238,293),
(238,84),
(238,148),
(238,138),
(238,8),
(238,191),
(238,182),
(238,110),
(238,168),
(238,101),
(238,139),
(238,188),
(238,233),
(366,78),
(366,41),
(366,137),
(366,128),
(366,44),
(366,45),
(366,141),
(366,274),
(366,279),
(366,148),
(366,43),
(366,77),
(366,149),
(366,29),
(366,193),
(366,173),
(366,188),
(366,110),
(366,101),
(371,69),
(371,39),
(371,37),
(371,122),
(371,25),
(371,131),
(371,177),
(371,233),
(371,40),
(371,33),
(371,128),
(371,146),
(371,76),
(371,166),
(371,175),
(371,141),
(371,274),
(371,283),
(371,226),
(371,94),
(371,136),
(371,148),
(371,13),
(371,53),
(371,213),
(371,214),
(371,229),
(371,42),
(371,32),
(371,130),
(371,237),
(371,156),
(371,112),
(371,101),
(522,68),
(522,187),
(522,270),
(522,123),
(522,116),
(522,20),
(522,238),
(522,296),
(522,32),
(522,128),
(522,61),
(522,62),
(522,141),
(522,274),
(522,251),
(522,290),
(522,148),
(522,33),
(522,21),
(522,69),
(522,31),
(522,179),
(522,168),
(522,101),
(413,28),
(413,250),
(413,128),
(413,66),
(413,56),
(413,46),
(413,67),
(413,240),
(413,186),
(413,234),
(413,245),
(413,264),
(413,49),
(413,57),
(413,134),
(413,141),
(413,99),
(413,274),
(413,219),
(413,222),
(413,291),
(413,344),
(413,84),
(413,148),
(413,64),
(413,65),
(413,166),
(413,292),
(413,235),
(413,295),
(413,113),
(413,209),
(413,168),
(413,101),
(413,139),
(413,221),
(413,244),
(63,263),
(63,128),
(63,67),
(63,134),
(63,141),
(63,99),
(63,274),
(63,219),
(63,251),
(63,84),
(63,148),
(63,341),
(63,7),
(63,8),
(63,147),
(63,9),
(63,216),
(63,142),
(63,273),
(63,125),
(63,187),
(63,168),
(63,101),
(63,233),
(612,112),
(612,10),
(612,199),
(612,298),
(612,97),
(612,115),
(612,177),
(612,213),
(612,222),
(612,128),
(612,49),
(612,64),
(612,65),
(612,146),
(612,166),
(612,175),
(612,141),
(612,274),
(612,218),
(612,283),
(612,226),
(612,198),
(612,292),
(612,94),
(612,211),
(612,294),
(612,205),
(612,136),
(612,148),
(612,13),
(612,43),
(612,53),
(612,125),
(612,207),
(612,12),
(612,208),
(612,237),
(612,187),
(612,101),
(612,144),
(43,54),
(43,38),
(43,55),
(43,113),
(43,337),
(43,58),
(43,264),
(43,128),
(43,57),
(43,106),
(43,141),
(43,274),
(43,219),
(43,344),
(43,148),
(43,341),
(43,13),
(43,56),
(43,209),
(43,101),
(114,82),
(114,19),
(114,54),
(114,17),
(114,55),
(114,147),
(114,113),
(114,133),
(114,18),
(114,241),
(114,128),
(114,49),
(114,57),
(114,106),
(114,141),
(114,99),
(114,274),
(114,219),
(114,222),
(114,344),
(114,136),
(114,148),
(114,13),
(114,66),
(114,240),
(114,209),
(114,187),
(114,101),
(161,10),
(161,68),
(161,92),
(161,18),
(161,201),
(161,156),
(161,128),
(161,44),
(161,57),
(161,61),
(161,65),
(161,134),
(161,146),
(161,40),
(161,141),
(161,99),
(161,274),
(161,275),
(161,251),
(161,226),
(161,285),
(161,196),
(161,148),
(161,345),
(161,13),
(161,43),
(161,182),
(161,33),
(161,125),
(161,200),
(161,123),
(161,97),
(161,208),
(161,7),
(161,142),
(161,8),
(161,147),
(161,187),
(161,101),
(161,9),
(161,139),
(161,188),
(437,28),
(437,66),
(437,105),
(437,135),
(437,170),
(437,198),
(437,263),
(437,128),
(437,49),
(437,57),
(437,64),
(437,67),
(437,134),
(437,166),
(437,141),
(437,274),
(437,251),
(437,91),
(437,222),
(437,292),
(437,94),
(437,84),
(437,235),
(437,136),
(437,148),
(437,53),
(437,245),
(437,168),
(437,101),
(437,233),
(558,186),
(558,105),
(558,265),
(558,250),
(558,94),
(558,97),
(558,211),
(558,242),
(558,128),
(558,49),
(558,57),
(558,64),
(558,65),
(558,166),
(558,175),
(558,141),
(558,274),
(558,226),
(558,222),
(558,247),
(558,291),
(558,292),
(558,205),
(558,136),
(558,148),
(558,13),
(558,53),
(558,207),
(558,172),
(558,147),
(558,101),
(558,117),
(435,10),
(435,92),
(435,194),
(435,97),
(435,272),
(435,40),
(435,207),
(435,327),
(435,91),
(435,264),
(435,128),
(435,49),
(435,65),
(435,134),
(435,106),
(435,76),
(435,141),
(435,99),
(435,274),
(435,283),
(435,226),
(435,198),
(435,222),
(435,136),
(435,148),
(435,321),
(435,206),
(435,13),
(435,53),
(435,162),
(435,131),
(435,33),
(435,267),
(435,273),
(435,125),
(435,335),
(435,123),
(435,73),
(435,101),
(458,28),
(458,88),
(458,47),
(458,25),
(458,188),
(458,31),
(458,210),
(458,179),
(458,42),
(458,128),
(458,44),
(458,45),
(458,64),
(458,175),
(458,141),
(458,274),
(458,279),
(458,284),
(458,292),
(458,94),
(458,148),
(458,43),
(458,77),
(458,149),
(458,168),
(458,18),
(458,130),
(458,110),
(458,101),
(119,121),
(119,205),
(119,50),
(119,26),
(119,188),
(119,27),
(119,77),
(119,128),
(119,44),
(119,45),
(119,49),
(119,141),
(119,274),
(119,279),
(119,222),
(119,148),
(119,43),
(119,149),
(119,208),
(119,29),
(119,42),
(119,180),
(119,107),
(119,46),
(119,168),
(119,80),
(119,179),
(119,297),
(119,110),
(119,147),
(119,101),
(140,10),
(140,54),
(140,180),
(140,253),
(140,55),
(140,133),
(140,128),
(140,44),
(140,45),
(140,265),
(140,65),
(140,166),
(140,141),
(140,99),
(140,274),
(140,279),
(140,94),
(140,136),
(140,148),
(140,43),
(140,77),
(140,48),
(140,47),
(140,113),
(140,110),
(140,147),
(140,124),
(140,31),
(140,221),
(140,101),
(140,188),
(556,50),
(556,54),
(556,36),
(556,55),
(556,155),
(556,113),
(556,58),
(556,201),
(556,331),
(556,57),
(556,128),
(556,175),
(556,141),
(556,274),
(556,219),
(556,205),
(556,179),
(556,174),
(556,209),
(556,252),
(556,216),
(556,156),
(556,147),
(556,101),
(556,139),
(86,25),
(86,110),
(86,225),
(86,48),
(86,253),
(86,193),
(86,31),
(86,149),
(86,208),
(86,44),
(86,128),
(86,45),
(86,141),
(86,99),
(86,274),
(86,275),
(86,148),
(86,43),
(86,77),
(86,327),
(86,138),
(86,176),
(86,125),
(86,72),
(86,168),
(86,18),
(86,188),
(86,297),
(86,101),
(83,220),
(83,205),
(83,50),
(83,117),
(83,27),
(83,175),
(83,147),
(83,97),
(83,164),
(83,207),
(83,284),
(83,194),
(83,115),
(83,210),
(83,128),
(83,141),
(83,99),
(83,274),
(83,118),
(83,285),
(83,196),
(83,148),
(83,13),
(83,16),
(83,182),
(83,14),
(83,185),
(83,107),
(83,68),
(83,145),
(83,140),
(83,125),
(83,200),
(83,87),
(83,101),
(83,139),
(266,250),
(266,295),
(266,28),
(266,34),
(266,101),
(266,196),
(266,167),
(266,168),
(570,10),
(570,123),
(570,92),
(570,105),
(570,273),
(570,305),
(570,128),
(570,65),
(570,134),
(570,175),
(570,141),
(570,99),
(570,274),
(570,283),
(570,198),
(570,285),
(570,196),
(570,148),
(570,321),
(570,206),
(570,13),
(570,170),
(570,201),
(570,179),
(570,182),
(570,156),
(570,147),
(570,101),
(570,139),
(449,28),
(449,37),
(449,31),
(449,65),
(449,172),
(449,131),
(449,64),
(449,33),
(449,128),
(449,166),
(449,141),
(449,274),
(449,292),
(449,94),
(449,136),
(449,148),
(449,53),
(449,29),
(449,145),
(449,221),
(449,125),
(449,101),
(449,144),
(449,188),
(601,109),
(601,11),
(601,60),
(601,310),
(601,17),
(601,251),
(601,234),
(601,238),
(601,49),
(601,128),
(601,61),
(601,62),
(601,141),
(601,274),
(601,222),
(601,290),
(601,235),
(601,296),
(601,136),
(601,148),
(601,187),
(601,168),
(601,101),
(601,139),
(146,308),
(146,87),
(146,140),
(146,39),
(146,59),
(146,133),
(146,40),
(146,210),
(146,57),
(146,128),
(146,49),
(146,76),
(146,175),
(146,141),
(146,270),
(146,274),
(146,165),
(146,118),
(146,281),
(146,283),
(146,222),
(146,196),
(146,136),
(146,148),
(146,16),
(146,101),
(602,25),
(602,28),
(602,116),
(602,251),
(602,284),
(602,290),
(602,196),
(602,187),
(274,1),
(274,138),
(274,56),
(274,12),
(274,105),
(274,185),
(274,170),
(274,128),
(274,49),
(274,57),
(274,65),
(274,134),
(274,146),
(274,166),
(274,141),
(274,99),
(274,271),
(274,274),
(274,219),
(274,115),
(274,91),
(274,198),
(274,285),
(274,94),
(274,136),
(274,148),
(274,321),
(274,206),
(274,345),
(274,13),
(274,53),
(274,174),
(274,273),
(274,68),
(274,31),
(274,113),
(274,209),
(274,101),
(241,28),
(241,20),
(241,114),
(241,29),
(241,233),
(241,191),
(241,128),
(241,44),
(241,45),
(241,49),
(241,57),
(241,61),
(241,62),
(241,64),
(241,134),
(241,146),
(241,166),
(241,141),
(241,274),
(241,275),
(241,218),
(241,292),
(241,94),
(241,136),
(241,148),
(241,345),
(241,43),
(241,53),
(241,327),
(241,89),
(241,33),
(241,192),
(241,299),
(241,7),
(241,142),
(241,8),
(241,110),
(241,245),
(241,125),
(241,187),
(241,101),
(241,9),
(241,188),
(259,28),
(259,41),
(259,107),
(259,180),
(259,231),
(259,94),
(259,173),
(259,31),
(259,64),
(259,128),
(259,44),
(259,45),
(259,65),
(259,146),
(259,268),
(259,166),
(259,141),
(259,274),
(259,275),
(259,279),
(259,292),
(259,136),
(259,148),
(259,345),
(259,43),
(259,53),
(259,77),
(259,149),
(259,133),
(259,224),
(259,37),
(259,33),
(259,154),
(259,74),
(259,20),
(259,139),
(259,137),
(259,208),
(259,221),
(259,8),
(259,110),
(259,125),
(259,101),
(259,144),
(259,287),
(259,188),
(259,42),
(188,28),
(188,336),
(188,174),
(188,55),
(188,284),
(188,196),
(188,113),
(188,179),
(188,128),
(188,57),
(188,175),
(188,141),
(188,274),
(188,219),
(188,344),
(188,148),
(188,341),
(188,66),
(188,33),
(188,209),
(188,101),
(469,212),
(469,210),
(469,207),
(469,250),
(469,28),
(469,68),
(469,139),
(469,123),
(469,133),
(469,194),
(469,97),
(469,196),
(469,128),
(469,49),
(469,57),
(469,67),
(469,134),
(469,175),
(469,141),
(469,99),
(469,274),
(469,118),
(469,222),
(469,291),
(469,84),
(469,148),
(469,33),
(469,105),
(469,86),
(469,168),
(469,167),
(469,113),
(469,101),
(551,69),
(551,37),
(551,172),
(551,199),
(551,107),
(551,131),
(551,65),
(551,273),
(551,64),
(551,32),
(551,128),
(551,106),
(551,166),
(551,141),
(551,99),
(551,274),
(551,283),
(551,198),
(551,285),
(551,247),
(551,292),
(551,94),
(551,148),
(551,321),
(551,206),
(551,13),
(551,33),
(551,229),
(551,123),
(551,236),
(551,227),
(551,139),
(551,208),
(551,221),
(551,125),
(551,101),
(357,240),
(357,14),
(357,56),
(357,20),
(357,184),
(357,303),
(357,210),
(357,29),
(357,57),
(357,128),
(357,49),
(357,64),
(357,175),
(357,141),
(357,274),
(357,118),
(357,219),
(357,222),
(357,292),
(357,136),
(357,148),
(357,13),
(357,16),
(357,53),
(357,174),
(357,25),
(357,185),
(357,12),
(357,18),
(357,213),
(357,113),
(357,112),
(357,209),
(357,101),
(81,28),
(81,60),
(81,246),
(81,116),
(81,234),
(81,235),
(81,238),
(81,109),
(81,128),
(81,61),
(81,62),
(81,141),
(81,274),
(81,251),
(81,91),
(81,290),
(81,296),
(81,148),
(81,295),
(81,187),
(81,168),
(81,101),
(450,228),
(450,229),
(450,227),
(450,28),
(450,37),
(450,31),
(450,65),
(450,172),
(450,131),
(450,64),
(450,33),
(450,128),
(450,49),
(450,166),
(450,141),
(450,274),
(450,222),
(450,247),
(450,292),
(450,94),
(450,136),
(450,148),
(450,53),
(450,29),
(450,145),
(450,221),
(450,245),
(450,125),
(450,101),
(450,144),
(450,188),
(578,114),
(578,128),
(578,263),
(578,135),
(578,67),
(578,62),
(578,134),
(578,166),
(578,141),
(578,274),
(578,219),
(578,91),
(578,94),
(578,344),
(578,84),
(578,235),
(578,148),
(578,162),
(578,187),
(578,168),
(578,101),
(578,233),
(373,33),
(373,294),
(373,229),
(373,227),
(373,69),
(373,39),
(373,37),
(373,25),
(373,122),
(373,131),
(373,177),
(373,233),
(373,40),
(373,16),
(373,128),
(373,49),
(373,64),
(373,146),
(373,76),
(373,166),
(373,175),
(373,141),
(373,274),
(373,118),
(373,283),
(373,226),
(373,222),
(373,247),
(373,292),
(373,94),
(373,136),
(373,148),
(373,13),
(373,53),
(373,213),
(373,214),
(373,42),
(373,32),
(373,130),
(373,208),
(373,237),
(373,140),
(373,156),
(373,125),
(373,112),
(373,101),
(321,41),
(321,114),
(321,137),
(321,162),
(321,188),
(321,193),
(321,149),
(321,179),
(321,42),
(321,128),
(321,44),
(321,45),
(321,49),
(321,64),
(321,166),
(321,141),
(321,274),
(321,275),
(321,279),
(321,222),
(321,292),
(321,136),
(321,148),
(321,43),
(321,53),
(321,77),
(321,29),
(321,277),
(321,33),
(321,101),
(321,32),
(321,233),
(321,156),
(321,110),
(321,245),
(12,66),
(12,14),
(12,46),
(12,167),
(12,212),
(12,264),
(12,128),
(12,49),
(12,57),
(12,67),
(12,134),
(12,175),
(12,141),
(12,99),
(12,274),
(12,219),
(12,284),
(12,222),
(12,291),
(12,344),
(12,84),
(12,196),
(12,148),
(12,250),
(12,295),
(12,113),
(12,168),
(12,101),
(12,28),
(236,28),
(236,138),
(236,128),
(236,64),
(236,146),
(236,141),
(236,99),
(236,271),
(236,274),
(236,285),
(236,292),
(236,94),
(236,136),
(236,148),
(236,53),
(236,223),
(236,194),
(236,83),
(236,104),
(236,123),
(236,124),
(236,217),
(236,182),
(236,101),
(236,139),
(505,28),
(505,37),
(505,131),
(505,95),
(505,18),
(505,128),
(505,49),
(505,61),
(505,62),
(505,65),
(505,134),
(505,40),
(505,141),
(505,274),
(505,218),
(505,285),
(505,222),
(505,84),
(505,136),
(505,148),
(505,345),
(505,13),
(505,53),
(505,199),
(505,125),
(505,123),
(505,145),
(505,208),
(505,182),
(505,7),
(505,142),
(505,244),
(505,8),
(505,147),
(505,200),
(505,209),
(505,187),
(505,168),
(505,101),
(505,9),
(505,233),
(71,19),
(71,56),
(71,303),
(71,240),
(71,185),
(71,264),
(71,128),
(71,49),
(71,57),
(71,106),
(71,141),
(71,99),
(71,274),
(71,219),
(71,222),
(71,344),
(71,148),
(71,13),
(71,272),
(71,327),
(71,174),
(71,277),
(71,113),
(71,86),
(71,184),
(71,241),
(71,163),
(71,17),
(71,147),
(71,209),
(71,101),
(71,30),
(71,38),
(71,18),
(128,28),
(128,69),
(128,26),
(128,123),
(128,198),
(128,233),
(128,31),
(128,32),
(128,222),
(128,128),
(128,44),
(128,45),
(128,49),
(128,57),
(128,61),
(128,62),
(128,64),
(128,40),
(128,76),
(128,166),
(128,141),
(128,274),
(128,283),
(128,247),
(128,292),
(128,94),
(128,296),
(128,136),
(128,148),
(128,43),
(128,53),
(128,110),
(128,245),
(128,125),
(128,112),
(128,187),
(128,101),
(128,139),
(128,188),
(314,28),
(314,68),
(314,291),
(314,233),
(314,212),
(314,335),
(314,182),
(314,128),
(314,57),
(314,61),
(314,62),
(314,134),
(314,146),
(314,175),
(314,141),
(314,99),
(314,274),
(314,251),
(314,284),
(314,196),
(314,148),
(314,345),
(314,341),
(314,167),
(314,250),
(314,142),
(314,113),
(314,8),
(314,187),
(314,101),
(314,9),
(314,188),
(53,335),
(53,10),
(53,37),
(53,138),
(53,92),
(53,105),
(53,79),
(53,215),
(53,97),
(53,199),
(53,207),
(53,194),
(53,128),
(53,49),
(53,61),
(53,62),
(53,65),
(53,134),
(53,175),
(53,141),
(53,99),
(53,274),
(53,275),
(53,226),
(53,198),
(53,285),
(53,222),
(53,84),
(53,196),
(53,148),
(53,206),
(53,13),
(53,273),
(53,125),
(53,200),
(53,182),
(53,244),
(53,156),
(53,110),
(53,147),
(53,209),
(53,187),
(53,101),
(53,139),
(53,188),
(53,6),
(1,28),
(1,19),
(1,31),
(1,56),
(1,33),
(1,209),
(1,264),
(1,128),
(1,57),
(1,106),
(1,141),
(1,274),
(1,275),
(1,219),
(1,136),
(1,148),
(1,13),
(1,53),
(1,113),
(1,240),
(1,184),
(1,58),
(1,241),
(1,80),
(1,74),
(1,17),
(1,289),
(1,147),
(1,101),
(183,28),
(183,88),
(183,41),
(183,114),
(183,47),
(183,208),
(183,335),
(183,33),
(183,144),
(183,42),
(183,128),
(183,44),
(183,45),
(183,65),
(183,146),
(183,141),
(183,274),
(183,279),
(183,136),
(183,148),
(183,345),
(183,43),
(183,53),
(183,77),
(183,149),
(183,253),
(183,29),
(183,135),
(183,173),
(183,18),
(183,179),
(183,182),
(183,142),
(183,156),
(183,8),
(183,110),
(183,125),
(183,147),
(183,101),
(183,188),
(299,28),
(299,63),
(299,116),
(299,94),
(299,215),
(299,186),
(299,238),
(299,221),
(299,247),
(299,109),
(299,128),
(299,265),
(299,61),
(299,62),
(299,64),
(299,166),
(299,141),
(299,274),
(299,91),
(299,290),
(299,292),
(299,136),
(299,148),
(299,341),
(299,53),
(299,33),
(299,114),
(299,7),
(299,8),
(299,187),
(299,101),
(299,9),
(311,342),
(311,68),
(311,116),
(311,79),
(311,238),
(311,200),
(311,62),
(311,128),
(311,61),
(311,141),
(311,274),
(311,275),
(311,251),
(311,290),
(311,296),
(311,148),
(311,295),
(311,125),
(311,187),
(311,168),
(311,101),
(311,9),
(311,139),
(100,28),
(100,116),
(100,114),
(100,251),
(100,79),
(100,70),
(100,238),
(100,91),
(100,128),
(100,61),
(100,62),
(100,141),
(100,99),
(100,274),
(100,290),
(100,296),
(100,148),
(100,273),
(100,187),
(100,168),
(100,101),
(478,103),
(478,162),
(478,225),
(478,110),
(478,334),
(478,261),
(478,191),
(478,134),
(478,45),
(478,128),
(478,44),
(478,49),
(478,61),
(478,62),
(478,67),
(478,141),
(478,274),
(478,198),
(478,222),
(478,293),
(478,84),
(478,148),
(478,224),
(478,280),
(478,114),
(478,163),
(478,8),
(478,187),
(478,168),
(478,101),
(478,188),
(478,37),
(478,25),
(478,228),
(478,131),
(564,41),
(564,114),
(564,37),
(564,253),
(564,133),
(564,131),
(564,193),
(564,265),
(564,208),
(564,94),
(564,42),
(564,128),
(564,44),
(564,45),
(564,64),
(564,65),
(564,166),
(564,141),
(564,274),
(564,279),
(564,247),
(564,292),
(564,136),
(564,148),
(564,43),
(564,53),
(564,77),
(564,149),
(564,29),
(564,147),
(564,63),
(564,18),
(564,188),
(564,137),
(564,221),
(564,110),
(564,125),
(564,101),
(564,233),
(584,332),
(584,163),
(584,176),
(584,162),
(584,139),
(584,110),
(584,224),
(584,234),
(584,44),
(584,45),
(584,128),
(584,49),
(584,141),
(584,274),
(584,91),
(584,222),
(584,293),
(584,235),
(584,148),
(584,225),
(584,103),
(584,188),
(584,168),
(584,101),
(440,1),
(440,128),
(440,57),
(440,67),
(440,134),
(440,40),
(440,76),
(440,141),
(440,274),
(440,275),
(440,283),
(440,84),
(440,148),
(440,200),
(440,231),
(440,182),
(440,216),
(440,156),
(440,110),
(440,187),
(440,101),
(440,139),
(440,188),
(440,233),
(116,88),
(116,41),
(116,130),
(116,47),
(116,193),
(116,213),
(116,42),
(116,128),
(116,44),
(116,45),
(116,141),
(116,274),
(116,279),
(116,235),
(116,148),
(116,43),
(116,77),
(116,149),
(116,48),
(116,277),
(116,122),
(116,173),
(116,108),
(116,112),
(116,12),
(116,168),
(116,188),
(116,179),
(116,110),
(116,101),
(318,37),
(318,69),
(318,253),
(318,199),
(318,228),
(318,157),
(318,131),
(318,31),
(318,128),
(318,44),
(318,45),
(318,141),
(318,99),
(318,274),
(318,279),
(318,198),
(318,285),
(318,148),
(318,321),
(318,206),
(318,43),
(318,77),
(318,149),
(318,133),
(318,193),
(318,33),
(318,42),
(318,79),
(318,32),
(318,179),
(318,110),
(318,101),
(318,139),
(318,188),
(318,233),
(248,227),
(248,228),
(248,229),
(248,37),
(248,276),
(248,94),
(248,32),
(248,206),
(248,198),
(248,131),
(248,64),
(248,247),
(248,49),
(248,222),
(248,177),
(248,128),
(248,44),
(248,45),
(248,265),
(248,61),
(248,62),
(248,65),
(248,146),
(248,40),
(248,76),
(248,166),
(248,175),
(248,141),
(248,274),
(248,218),
(248,283),
(248,226),
(248,285),
(248,292),
(248,294),
(248,136),
(248,148),
(248,321),
(248,345),
(248,13),
(248,43),
(248,53),
(248,133),
(248,199),
(248,245),
(248,125),
(248,112),
(248,123),
(248,20),
(248,208),
(248,213),
(248,221),
(248,7),
(248,142),
(248,273),
(248,8),
(248,187),
(248,101),
(248,144),
(248,9),
(248,139),
(248,188),
(293,1),
(293,275),
(293,162),
(293,20),
(293,139),
(293,156),
(293,269),
(293,128),
(293,44),
(293,45),
(293,57),
(293,134),
(293,40),
(293,76),
(293,141),
(293,274),
(293,283),
(293,285),
(293,148),
(293,282),
(293,333),
(293,170),
(293,192),
(293,143),
(293,101),
(293,31),
(293,7),
(293,8),
(293,110),
(293,187),
(293,9),
(293,188),
(293,233),
(589,33),
(589,328),
(589,50),
(589,35),
(589,27),
(589,25),
(589,115),
(589,212),
(589,97),
(589,245),
(589,211),
(589,222),
(589,128),
(589,49),
(589,175),
(589,141),
(589,274),
(589,218),
(589,219),
(589,291),
(589,344),
(589,205),
(589,136),
(589,148),
(589,13),
(589,250),
(589,297),
(589,105),
(589,26),
(589,147),
(589,121),
(589,123),
(589,113),
(589,168),
(589,101),
(589,117),
(589,31),
(70,19),
(70,30),
(70,38),
(70,147),
(70,56),
(70,18),
(70,264),
(70,128),
(70,57),
(70,106),
(70,141),
(70,99),
(70,274),
(70,219),
(70,344),
(70,148),
(70,13),
(70,272),
(70,327),
(70,174),
(70,277),
(70,113),
(70,86),
(70,184),
(70,241),
(70,163),
(70,17),
(70,209),
(70,101),
(158,10),
(158,41),
(158,69),
(158,37),
(158,228),
(158,131),
(158,276),
(158,97),
(158,32),
(158,208),
(158,144),
(158,42),
(158,177),
(158,128),
(158,44),
(158,45),
(158,65),
(158,146),
(158,166),
(158,175),
(158,141),
(158,274),
(158,279),
(158,226),
(158,94),
(158,148),
(158,345),
(158,13),
(158,43),
(158,77),
(158,149),
(158,133),
(158,253),
(158,8),
(158,126),
(158,188),
(158,142),
(158,110),
(158,125),
(158,101),
(158,139),
(158,287),
(504,28),
(504,37),
(504,131),
(504,95),
(504,18),
(504,128),
(504,61),
(504,65),
(504,134),
(504,141),
(504,274),
(504,285),
(504,148),
(504,13),
(504,199),
(504,125),
(504,123),
(504,145),
(504,208),
(504,182),
(504,244),
(504,200),
(504,209),
(504,187),
(504,101),
(504,233),
(226,46),
(226,174),
(226,168),
(226,28),
(226,88),
(226,47),
(226,25),
(226,188),
(226,31),
(226,210),
(226,179),
(226,42),
(226,128),
(226,44),
(226,45),
(226,49),
(226,64),
(226,166),
(226,175),
(226,141),
(226,274),
(226,279),
(226,284),
(226,222),
(226,292),
(226,94),
(226,148),
(226,43),
(226,77),
(226,149),
(226,18),
(226,130),
(226,208),
(226,244),
(226,110),
(226,245),
(226,209),
(226,101),
(211,328),
(211,42),
(211,41),
(211,28),
(211,34),
(211,88),
(211,114),
(211,145),
(211,193),
(211,36),
(211,31),
(211,208),
(211,205),
(211,264),
(211,128),
(211,44),
(211,45),
(211,134),
(211,268),
(211,106),
(211,141),
(211,274),
(211,279),
(211,91),
(211,198),
(211,148),
(211,43),
(211,77),
(211,149),
(211,272),
(211,253),
(211,162),
(211,47),
(211,168),
(211,188),
(211,179),
(211,110),
(211,187),
(211,101),
(464,242),
(464,121),
(464,205),
(464,26),
(464,20),
(464,27),
(464,265),
(464,292),
(464,276),
(464,186),
(464,297),
(464,31),
(464,247),
(464,192),
(464,64),
(464,128),
(464,44),
(464,45),
(464,49),
(464,61),
(464,62),
(464,65),
(464,146),
(464,40),
(464,76),
(464,166),
(464,141),
(464,99),
(464,274),
(464,218),
(464,283),
(464,226),
(464,198),
(464,222),
(464,94),
(464,294),
(464,235),
(464,136),
(464,148),
(464,345),
(464,13),
(464,43),
(464,53),
(464,131),
(464,158),
(464,214),
(464,229),
(464,228),
(464,125),
(464,236),
(464,80),
(464,227),
(464,208),
(464,213),
(464,221),
(464,7),
(464,142),
(464,8),
(464,110),
(464,245),
(464,112),
(464,187),
(464,101),
(464,144),
(464,9),
(464,139),
(491,261),
(491,68),
(491,105),
(491,84),
(491,206),
(491,128),
(491,44),
(491,45),
(491,49),
(491,61),
(491,62),
(491,67),
(491,134),
(491,146),
(491,106),
(491,166),
(491,175),
(491,141),
(491,99),
(491,274),
(491,218),
(491,251),
(491,283),
(491,226),
(491,198),
(491,285),
(491,222),
(491,94),
(491,211),
(491,205),
(491,136),
(491,148),
(491,321),
(491,345),
(491,13),
(491,53),
(491,216),
(491,142),
(491,273),
(491,110),
(491,147),
(491,200),
(491,187),
(491,101),
(491,329),
(492,184),
(492,219),
(492,260),
(492,68),
(492,210),
(492,240),
(492,128),
(492,49),
(492,57),
(492,67),
(492,141),
(492,274),
(492,222),
(492,148),
(492,341),
(492,182),
(492,221),
(492,113),
(492,200),
(492,209),
(492,101),
(492,233),
(304,28),
(304,107),
(304,25),
(304,126),
(304,166),
(304,245),
(304,94),
(304,31),
(304,125),
(304,33),
(304,128),
(304,64),
(304,65),
(304,175),
(304,141),
(304,274),
(304,226),
(304,292),
(304,136),
(304,148),
(304,13),
(304,53),
(304,29),
(304,214),
(304,255),
(304,143),
(304,20),
(304,144),
(304,221),
(304,187),
(304,101),
(304,139),
(304,188),
(374,31),
(374,46),
(374,91),
(374,128),
(374,151),
(374,233),
(374,343),
(374,245),
(257,202),
(257,7),
(257,83),
(257,10),
(257,39),
(257,50),
(257,21),
(257,270),
(257,68),
(257,153),
(257,97),
(257,220),
(257,171),
(257,128),
(257,49),
(257,57),
(257,64),
(257,65),
(257,146),
(257,40),
(257,76),
(257,166),
(257,175),
(257,141),
(257,271),
(257,274),
(257,275),
(257,165),
(257,218),
(257,283),
(257,284),
(257,226),
(257,222),
(257,247),
(257,292),
(257,94),
(257,205),
(257,136),
(257,148),
(257,345),
(257,13),
(257,53),
(257,158),
(257,194),
(257,267),
(257,200),
(257,207),
(257,143),
(257,159),
(257,179),
(257,298),
(257,288),
(257,142),
(257,140),
(257,147),
(257,101),
(257,144),
(257,9),
(257,59),
(280,66),
(280,333),
(280,184),
(280,334),
(280,67),
(280,135),
(280,84),
(280,278),
(280,263),
(280,128),
(280,61),
(280,134),
(280,141),
(280,99),
(280,274),
(280,275),
(280,251),
(280,148),
(280,341),
(280,230),
(280,269),
(280,7),
(280,156),
(280,8),
(280,110),
(280,187),
(280,168),
(280,101),
(280,9),
(280,233),
(422,107),
(422,188),
(422,231),
(422,128),
(422,29),
(422,173),
(422,44),
(422,45),
(422,141),
(422,274),
(422,279),
(422,344),
(422,148),
(422,43),
(422,149),
(422,193),
(422,277),
(422,74),
(422,221),
(422,110),
(422,101),
(399,28),
(399,114),
(399,25),
(399,95),
(399,31),
(399,144),
(399,128),
(399,44),
(399,45),
(399,61),
(399,62),
(399,65),
(399,134),
(399,141),
(399,99),
(399,274),
(399,275),
(399,251),
(399,285),
(399,136),
(399,148),
(399,13),
(399,208),
(399,33),
(399,92),
(399,68),
(399,236),
(399,80),
(399,182),
(399,110),
(399,125),
(399,200),
(399,187),
(399,101),
(298,41),
(298,88),
(298,47),
(298,18),
(298,179),
(298,128),
(298,44),
(298,45),
(298,141),
(298,274),
(298,279),
(298,43),
(298,77),
(298,29),
(298,173),
(298,182),
(298,156),
(298,110),
(298,125),
(298,147),
(298,101),
(298,139),
(298,188),
(186,47),
(186,3),
(186,179),
(186,156),
(186,128),
(186,44),
(186,45),
(186,49),
(186,64),
(186,65),
(186,67),
(186,146),
(186,141),
(186,99),
(186,274),
(186,275),
(186,218),
(186,279),
(186,198),
(186,222),
(186,292),
(186,136),
(186,148),
(186,345),
(186,43),
(186,53),
(186,77),
(186,149),
(186,154),
(186,180),
(186,188),
(186,142),
(186,8),
(186,110),
(186,101),
(186,88),
(186,41),
(186,29),
(186,191),
(186,42),
(186,231),
(459,103),
(459,56),
(459,110),
(459,225),
(459,252),
(459,45),
(459,128),
(459,44),
(459,57),
(459,134),
(459,141),
(459,274),
(459,219),
(459,293),
(459,148),
(459,224),
(459,174),
(459,33),
(459,184),
(459,209),
(459,80),
(459,20),
(459,113),
(459,8),
(459,125),
(459,101),
(459,188),
(456,1),
(456,41),
(456,14),
(456,188),
(456,137),
(456,196),
(456,179),
(456,167),
(456,128),
(456,44),
(456,45),
(456,141),
(456,274),
(456,279),
(456,198),
(456,148),
(456,43),
(456,77),
(456,149),
(456,208),
(456,48),
(456,193),
(456,46),
(456,168),
(456,110),
(456,101),
(33,50),
(33,21),
(33,34),
(33,27),
(33,26),
(33,205),
(33,264),
(33,128),
(33,44),
(33,45),
(33,61),
(33,62),
(33,65),
(33,106),
(33,141),
(33,99),
(33,274),
(33,275),
(33,226),
(33,136),
(33,148),
(33,13),
(33,53),
(33,276),
(33,66),
(33,255),
(33,125),
(33,181),
(33,201),
(33,31),
(33,297),
(33,187),
(33,101),
(33,188),
(536,88),
(536,274),
(536,47),
(536,180),
(536,139),
(536,173),
(536,275),
(536,42),
(536,156),
(536,128),
(536,268),
(536,106),
(536,141),
(536,279),
(536,292),
(536,344),
(536,136),
(536,148),
(536,43),
(536,221),
(536,231),
(536,101),
(536,188),
(536,179),
(536,142),
(536,110),
(609,73),
(609,267),
(609,280),
(609,128),
(609,49),
(609,57),
(609,67),
(609,134),
(609,40),
(609,76),
(609,141),
(609,270),
(609,99),
(609,274),
(609,165),
(609,219),
(609,283),
(609,198),
(609,222),
(609,84),
(609,148),
(609,206),
(609,277),
(609,140),
(609,187),
(609,101),
(609,39),
(609,162),
(609,59),
(609,286),
(179,28),
(179,60),
(179,31),
(179,215),
(179,238),
(179,168),
(179,62),
(179,128),
(179,61),
(179,141),
(179,274),
(179,275),
(179,251),
(179,296),
(179,148),
(179,29),
(179,125),
(179,295),
(179,187),
(179,101),
(329,105),
(329,172),
(329,107),
(329,292),
(329,94),
(329,221),
(329,212),
(329,64),
(329,122),
(329,139),
(329,49),
(329,338),
(329,128),
(329,57),
(329,65),
(329,166),
(329,141),
(329,274),
(329,118),
(329,291),
(329,196),
(329,136),
(329,148),
(329,16),
(329,53),
(329,250),
(329,117),
(329,14),
(329,180),
(329,68),
(329,168),
(329,237),
(329,213),
(329,113),
(329,140),
(329,112),
(329,101),
(329,144),
(329,37),
(329,131),
(329,194),
(521,14),
(521,68),
(521,164),
(521,210),
(521,12),
(521,141),
(521,87),
(521,128),
(521,49),
(521,175),
(521,274),
(521,275),
(521,118),
(521,222),
(521,196),
(521,148),
(521,16),
(521,207),
(521,139),
(521,140),
(521,101),
(479,238),
(479,162),
(479,60),
(479,139),
(479,187),
(479,261),
(479,280),
(479,128),
(479,61),
(479,62),
(479,134),
(479,141),
(479,99),
(479,274),
(479,251),
(479,290),
(479,84),
(479,148),
(479,206),
(479,295),
(479,273),
(479,168),
(479,101),
(139,42),
(139,82),
(139,37),
(139,41),
(139,114),
(139,180),
(139,193),
(139,133),
(139,81),
(139,186),
(139,128),
(139,44),
(139,45),
(139,49),
(139,265),
(139,166),
(139,141),
(139,99),
(139,274),
(139,279),
(139,222),
(139,247),
(139,94),
(139,136),
(139,148),
(139,43),
(139,77),
(139,149),
(139,48),
(139,47),
(139,147),
(139,173),
(139,18),
(139,188),
(139,137),
(139,17),
(139,221),
(139,110),
(139,101),
(417,68),
(417,116),
(417,342),
(417,79),
(417,238),
(417,200),
(417,95),
(417,128),
(417,61),
(417,62),
(417,65),
(417,141),
(417,274),
(417,275),
(417,251),
(417,290),
(417,196),
(417,148),
(417,13),
(417,37),
(417,182),
(417,114),
(417,125),
(417,295),
(417,244),
(417,209),
(417,187),
(417,101),
(417,9),
(417,139),
(486,7),
(486,8),
(486,9),
(486,89),
(486,147),
(486,145),
(486,233),
(486,198),
(486,222),
(486,128),
(486,49),
(486,265),
(486,61),
(486,62),
(486,64),
(486,146),
(486,166),
(486,175),
(486,141),
(486,274),
(486,218),
(486,285),
(486,247),
(486,292),
(486,94),
(486,136),
(486,148),
(486,345),
(486,53),
(486,216),
(486,221),
(486,142),
(486,110),
(486,245),
(486,187),
(486,101),
(486,144),
(342,88),
(342,11),
(342,47),
(342,256),
(342,147),
(342,207),
(342,79),
(342,302),
(342,131),
(342,90),
(342,128),
(342,44),
(342,45),
(342,49),
(342,65),
(342,146),
(342,268),
(342,106),
(342,166),
(342,175),
(342,141),
(342,274),
(342,115),
(342,279),
(342,198),
(342,285),
(342,222),
(342,94),
(342,211),
(342,136),
(342,148),
(342,321),
(342,206),
(342,13),
(342,43),
(342,53),
(342,77),
(342,149),
(342,133),
(342,253),
(342,29),
(342,276),
(342,33),
(342,126),
(342,144),
(342,110),
(342,101),
(342,188),
(423,107),
(423,188),
(423,231),
(423,128),
(423,29),
(423,173),
(423,44),
(423,45),
(423,49),
(423,64),
(423,65),
(423,268),
(423,106),
(423,166),
(423,141),
(423,274),
(423,279),
(423,222),
(423,247),
(423,292),
(423,94),
(423,344),
(423,136),
(423,148),
(423,43),
(423,53),
(423,77),
(423,149),
(423,193),
(423,277),
(423,74),
(423,221),
(423,110),
(423,101),
(325,46),
(325,233),
(325,215),
(325,101),
(325,263),
(325,198),
(325,67),
(325,179),
(325,128),
(325,134),
(325,141),
(325,99),
(325,274),
(325,251),
(325,222),
(325,84),
(325,148),
(325,170),
(325,135),
(325,182),
(325,110),
(325,125),
(325,187),
(325,168),
(567,68),
(567,63),
(567,195),
(567,133),
(567,284),
(567,122),
(567,131),
(567,196),
(567,94),
(567,177),
(567,32),
(567,128),
(567,49),
(567,265),
(567,64),
(567,65),
(567,166),
(567,175),
(567,141),
(567,274),
(567,118),
(567,218),
(567,226),
(567,222),
(567,247),
(567,292),
(567,294),
(567,136),
(567,148),
(567,13),
(567,16),
(567,37),
(567,213),
(567,221),
(567,255),
(567,147),
(567,208),
(567,179),
(567,140),
(567,125),
(567,112),
(567,87),
(567,101),
(567,139),
(567,233),
(210,112),
(210,228),
(210,229),
(210,227),
(210,28),
(210,37),
(210,72),
(210,25),
(210,69),
(210,335),
(210,198),
(210,131),
(210,128),
(210,49),
(210,57),
(210,61),
(210,62),
(210,64),
(210,65),
(210,134),
(210,146),
(210,40),
(210,106),
(210,76),
(210,166),
(210,141),
(210,99),
(210,274),
(210,165),
(210,218),
(210,283),
(210,285),
(210,222),
(210,247),
(210,292),
(210,94),
(210,296),
(210,136),
(210,148),
(210,321),
(210,345),
(210,341),
(210,53),
(210,197),
(210,33),
(210,105),
(210,142),
(210,143),
(210,101),
(210,182),
(210,7),
(210,156),
(210,8),
(210,125),
(210,200),
(210,187),
(210,144),
(210,9),
(210,188),
(587,60),
(587,68),
(587,116),
(587,342),
(587,123),
(587,187),
(587,284),
(587,290),
(587,238),
(587,128),
(587,61),
(587,62),
(587,175),
(587,141),
(587,274),
(587,251),
(587,196),
(587,296),
(587,148),
(587,13),
(587,210),
(587,162),
(587,182),
(587,125),
(587,295),
(587,147),
(587,200),
(587,168),
(587,101),
(292,10),
(292,86),
(292,92),
(292,230),
(292,134),
(292,329),
(292,128),
(292,49),
(292,57),
(292,65),
(292,175),
(292,141),
(292,99),
(292,274),
(292,115),
(292,226),
(292,222),
(292,291),
(292,211),
(292,84),
(292,148),
(292,13),
(292,250),
(292,212),
(292,105),
(292,14),
(292,207),
(292,167),
(292,113),
(292,101),
(292,107),
(292,126);


